datetime,tariff,pod,kwh,kvarh,gkwh,gkvarh,kvah,gkvah,account_id,voltage_zone,transmission_zone,nmd,mec
2025-05-01 00:00:00,Megaflex Gen Urban,5717941398,1085.745,1108.775,5485.4501,4071.3501,1551.8454193797784,6831.255699822692,5717941664,>132kV*,≤300km,80000,80000
2025-05-01 01:00:00,Megaflex Gen Urban,5717941398,1133.745,1817.295,2459.525,3308.165,2141.947441477031,4122.283213566239,5717941664,>132kV*,≤300km,80000,80000
2025-05-01 02:00:00,Megaflex Gen Urban,5717941398,2374.1,2384.625,2789.75,2794.55,3364.9349474581227,3948.6978568890277,5717941664,>132kV*,≤300km,80000,80000
2025-05-01 03:00:00,Megaflex Gen Urban,5717941398,813.13,1250.905,3505.8999,3387.8749,1491.9596897788492,4875.34926409073,5717941664,>132kV*,≤300km,80000,80000
2025-05-01 04:00:00,Megaflex Gen Urban,5717941398,482.88,731.52,5627.5498,3075.825,876.5241609904431,6413.268759541037,5717941664,>132kV*,≤300km,80000,80000
2025-05-01 05:00:00,Megaflex Gen Urban,5717941398,1855.68,2159.0249,2308.8,2111.025,2846.9170660944815,3128.415571918955,5717941664,>132kV*,≤300km,80000,80000
2025-05-01 06:00:00,Megaflex Gen Urban,5717941398,1778.875,1475.525,2298.2251,1695.375,2311.1837424250803,2855.8947811316525,5717941664,>132kV*,≤300km,80000,80000
2025-05-01 07:00:00,Megaflex Gen Urban,5717941398,1710.7,1402.55,2551.7001,2765.75,2212.1575424232333,3763.0501541754675,5717941664,>132kV*,≤300km,80000,80000
2025-05-01 08:00:00,Megaflex Gen Urban,5717941398,4851.8501,3148.8,601.885,768.005,5784.063522547968,975.7546993225295,5717941664,>132kV*,≤300km,80000,80000
2025-05-01 09:00:00,Megaflex Gen Urban,5717941398,2337.6,2198.4,1195.21,1262.42,3208.946294346479,1738.456556978057,5717941664,>132kV*,≤300km,80000,80000
2025-05-01 10:00:00,Megaflex Gen Urban,5717941398,1376.65,1868.15,1444.8,2192.6249,2320.5925202413287,2625.8429107812235,5717941664,>132kV*,≤300km,80000,80000
2025-05-01 11:00:00,Megaflex Gen Urban,5717941398,1929.575,1755.85,1883.525,2014.075,2608.8826924806335,2757.5649641032937,5717941664,>132kV*,≤300km,80000,80000
2025-05-01 12:00:00,Megaflex Gen Urban,5717941398,1203.87,912.02,4434.2499,3043.2,1510.3256130053546,5378.070138595257,5717941664,>132kV*,≤300km,80000,80000
2025-05-01 13:00:00,Megaflex Gen Urban,5717941398,580.8,860.16,4939.1997,3723.8249,1037.8843218779248,6185.674220514697,5717941664,>132kV*,≤300km,80000,80000
2025-05-01 14:00:00,Megaflex Gen Urban,5717941398,681.57,1150.06,3564.4751,3680.65,1336.8528971057362,5123.735664631813,5717941664,>132kV*,≤300km,80000,80000
2025-05-01 15:00:00,Megaflex Gen Urban,5717941398,1524.4849,1595.525,3760.325,3052.8,2206.751965208825,4843.514420916386,5717941664,>132kV*,≤300km,80000,80000
2025-05-01 16:00:00,Megaflex Gen Urban,5717941398,1198.105,1416.0,4129.8999,2617.925,1854.8616096693036,4889.744828684316,5717941664,>132kV*,≤300km,80000,80000
2025-05-01 17:00:00,Megaflex Gen Urban,5717941398,108.48,397.455,4405.45,3927.35,411.9931885662674,5901.869849886559,5717941664,>132kV*,≤300km,80000,80000
2025-05-01 18:00:00,Megaflex Gen Urban,5717941398,1175.975,1766.375,3563.5249,3125.775,2122.0268238761732,4740.1665649579245,5717941664,>132kV*,≤300km,80000,80000
2025-05-01 19:00:00,Megaflex Gen Urban,5717941398,1989.125,1730.9,4439.05,2209.925,2636.784609258974,4958.7229614211155,5717941664,>132kV*,≤300km,80000,80000
2025-05-01 20:00:00,Megaflex Gen Urban,5717941398,624.02,933.125,6490.5503,2850.2501,1122.5521039243567,7088.805881767401,5717941664,>132kV*,≤300km,80000,80000
2025-05-01 21:00:00,Megaflex Gen Urban,5717941398,4.8,105.6,9513.5249,5116.7749,105.70903461861715,10802.24705328433,5717941664,>132kV*,≤300km,80000,80000
2025-05-01 22:00:00,Megaflex Gen Urban,5717941398,612.48,1105.92,5048.725,4491.8501,1264.1957114307895,6757.687581302868,5717941664,>132kV*,≤300km,80000,80000
2025-05-01 23:00:00,Megaflex Gen Urban,5717941398,528.96,1027.2,3414.7,4368.0,1155.3953962172432,5544.33044559936,5717941664,>132kV*,≤300km,80000,80000
2025-05-02 00:00:00,Megaflex Gen Urban,5717941398,979.2,2008.305,3050.85,3260.125,2234.3056221173056,4464.986084874733,5717941664,>132kV*,≤300km,80000,80000
2025-05-02 01:00:00,Megaflex Gen Urban,5717941398,513.6,847.655,3617.2998,4554.2251,991.1124855560039,5815.997257955857,5717941664,>132kV*,≤300km,80000,80000
2025-05-02 02:00:00,Megaflex Gen Urban,5717941398,2573.75,2968.325,1862.4,2231.05,3928.7583748717607,2906.2205460873065,5717941664,>132kV*,≤300km,80000,80000
2025-05-02 03:00:00,Megaflex Gen Urban,5717941398,3896.65,2409.6,3104.625,2179.2,4581.490301473965,3793.10018726437,5717941664,>132kV*,≤300km,80000,80000
2025-05-02 04:00:00,Megaflex Gen Urban,5717941398,1812.48,1236.5,4653.1251,2688.0,2194.0865981998068,5373.724704174007,5717941664,>132kV*,≤300km,80000,80000
2025-05-02 05:00:00,Megaflex Gen Urban,5717941398,48.0,180.48,5500.7998,4422.7249,186.75393007912845,7058.27840062717,5717941664,>132kV*,≤300km,80000,80000
2025-05-02 06:00:00,Megaflex Gen Urban,5717941398,0.0,0.0,11016.5254,3264.9501,0.0,11490.158007805427,5717941664,>132kV*,≤300km,80000,80000
2025-05-02 07:00:00,Megaflex Gen Urban,5717941398,0.0,0.0,13464.25,4396.8251,0.0,14163.971866058264,5717941664,>132kV*,≤300km,80000,80000
2025-05-02 08:00:00,Megaflex Gen Urban,5717941398,0.0,0.0,11806.0,5974.0752,0.0,13231.447785305094,5717941664,>132kV*,≤300km,80000,80000
2025-05-02 09:00:00,Megaflex Gen Urban,5717941398,0.0,0.0,13213.4502,6940.8,0.0,14925.480589511348,5717941664,>132kV*,≤300km,80000,80000
2025-05-02 10:00:00,Megaflex Gen Urban,5717941398,0.0,0.0,13235.5,6219.8249,0.0,14624.11303418638,5717941664,>132kV*,≤300km,80000,80000
2025-05-02 11:00:00,Megaflex Gen Urban,5717941398,0.0,0.0,12608.75,5008.3252,0.0,13567.01506859394,5717941664,>132kV*,≤300km,80000,80000
2025-05-02 12:00:00,Megaflex Gen Urban,5717941398,0.0,0.0,14170.5,4821.125,0.0,14968.176793304687,5717941664,>132kV*,≤300km,80000,80000
2025-05-02 13:00:00,Megaflex Gen Urban,5717941398,0.0,0.0,12586.7998,5224.325,0.0,13627.952924445588,5717941664,>132kV*,≤300km,80000,80000
2025-05-02 14:00:00,Megaflex Gen Urban,5717941398,227.52,517.425,6303.3252,4806.6999,565.2379861836959,7926.933360740145,5717941664,>132kV*,≤300km,80000,80000
2025-05-02 15:00:00,Megaflex Gen Urban,5717941398,418.56,690.235,3728.65,4287.3752,807.227866729711,5681.9377793209815,5717941664,>132kV*,≤300km,80000,80000
2025-05-02 16:00:00,Megaflex Gen Urban,5717941398,785.25,841.92,2928.0,3460.8,1151.2805257190796,4533.246148181234,5717941664,>132kV*,≤300km,80000,80000
2025-05-02 17:00:00,Megaflex Gen Urban,5717941398,5559.375,2424.0,669.15,788.18,6064.851720415348,1033.9194528105174,5717941664,>132kV*,≤300km,80000,80000
2025-05-02 18:00:00,Megaflex Gen Urban,5717941398,4353.6001,2696.65,1567.6799,1512.0,5121.10877185986,2178.0184271176427,5717941664,>132kV*,≤300km,80000,80000
2025-05-02 19:00:00,Megaflex Gen Urban,5717941398,3173.7499,2793.6,1122.21,1732.775,4228.107069097235,2064.428367545118,5717941664,>132kV*,≤300km,80000,80000
2025-05-02 20:00:00,Megaflex Gen Urban,5717941398,3231.3501,2111.025,1705.95,1954.5499,3859.7992200883987,2594.3266398219807,5717941664,>132kV*,≤300km,80000,80000
2025-05-02 21:00:00,Megaflex Gen Urban,5717941398,3942.7552,2418.25,1413.1099,1779.845,4625.2839512431065,2272.603751977676,5717941664,>132kV*,≤300km,80000,80000
2025-05-02 22:00:00,Megaflex Gen Urban,5717941398,3974.375,3588.4752,395.53,768.99,5354.699889035803,864.7482876536964,5717941664,>132kV*,≤300km,80000,80000
2025-05-02 23:00:00,Megaflex Gen Urban,5717941398,6372.4751,3859.2,99.84,197.76,7449.957284449355,221.5333907111973,5717941664,>132kV*,≤300km,80000,80000
2025-05-03 00:00:00,Megaflex Gen Urban,5717941398,5744.6499,3591.375,562.56,1240.3,6774.878365269374,1361.9169738276998,5717941664,>132kV*,≤300km,80000,80000
2025-05-03 01:00:00,Megaflex Gen Urban,5717941398,1907.525,2137.925,1706.87,2480.65,2865.200679053738,3011.150879547553,5717941664,>132kV*,≤300km,80000,80000
2025-05-03 02:00:00,Megaflex Gen Urban,5717941398,3719.0,2631.35,1569.6,1948.8001,4555.761607294658,2502.2921471642776,5717941664,>132kV*,≤300km,80000,80000
2025-05-03 03:00:00,Megaflex Gen Urban,5717941398,3822.7248,2840.6501,1085.75,1616.6499,4762.6167058839665,1947.411092109216,5717941664,>132kV*,≤300km,80000,80000
2025-05-03 04:00:00,Megaflex Gen Urban,5717941398,3904.3499,2586.2,1225.925,1499.5,4683.201744707355,1936.851144415853,5717941664,>132kV*,≤300km,80000,80000
2025-05-03 05:00:00,Megaflex Gen Urban,5717941398,6656.625,3543.375,1322.865,1670.4,7540.965639840166,2130.7763768694736,5717941664,>132kV*,≤300km,80000,80000
2025-05-03 06:00:00,Megaflex Gen Urban,5717941398,4637.75,2925.125,1821.15,1918.075,5483.163441675344,2644.9194747903007,5717941664,>132kV*,≤300km,80000,80000
2025-05-03 07:00:00,Megaflex Gen Urban,5717941398,1413.125,915.86,3780.4499,1894.0751,1683.9601554742915,4228.394722687325,5717941664,>132kV*,≤300km,80000,80000
2025-05-03 08:00:00,Megaflex Gen Urban,5717941398,836.16,1061.735,4139.5251,2711.9999,1351.4602309446623,4948.798996840548,5717941664,>132kV*,≤300km,80000,80000
2025-05-03 09:00:00,Megaflex Gen Urban,5717941398,1054.105,1147.225,5024.65,3274.575,1557.9674424229795,5997.495231605023,5717941664,>132kV*,≤300km,80000,80000
2025-05-03 10:00:00,Megaflex Gen Urban,5717941398,288.96,652.8,5346.2249,4147.2,713.89475526859,6766.194537654087,5717941664,>132kV*,≤300km,80000,80000
2025-05-03 11:00:00,Megaflex Gen Urban,5717941398,274.56,395.52,7619.5249,4539.8247,481.4761302494652,8869.451392755367,5717941664,>132kV*,≤300km,80000,80000
2025-05-03 12:00:00,Megaflex Gen Urban,5717941398,748.77,888.94,5035.2,3559.7001,1162.2696918099518,6166.417423588839,5717941664,>132kV*,≤300km,80000,80000
2025-05-03 13:00:00,Megaflex Gen Urban,5717941398,1929.6,1921.925,2301.135,1936.3,2723.444852686575,3007.404192692595,5717941664,>132kV*,≤300km,80000,80000
2025-05-03 14:00:00,Megaflex Gen Urban,5717941398,2382.725,2117.775,1465.9,2349.1251,3187.8440012412775,2768.9802356553596,5717941664,>132kV*,≤300km,80000,80000
2025-05-03 15:00:00,Megaflex Gen Urban,5717941398,3888.0,2603.5,1805.79,1824.985,4679.183288780212,2567.381501515698,5717941664,>132kV*,≤300km,80000,80000
2025-05-03 16:00:00,Megaflex Gen Urban,5717941398,3068.1499,3066.225,1072.32,1554.225,4337.658303681263,1888.2493302064215,5717941664,>132kV*,≤300km,80000,80000
2025-05-03 17:00:00,Megaflex Gen Urban,5717941398,5254.1,2680.35,340.8,585.615,5898.291526577845,677.5614866748257,5717941664,>132kV*,≤300km,80000,80000
2025-05-03 18:00:00,Megaflex Gen Urban,5717941398,4399.6751,3834.225,868.8,1133.76,5835.959418654744,1428.3645114605724,5717941664,>132kV*,≤300km,80000,80000
2025-05-03 19:00:00,Megaflex Gen Urban,5717941398,7353.5999,3634.575,641.28,979.2,8202.778000159764,1170.5010373340128,5717941664,>132kV*,≤300km,80000,80000
2025-05-03 20:00:00,Megaflex Gen Urban,5717941398,2616.95,2489.2499,1303.65,1772.15,3611.757517767494,2200.004305677605,5717941664,>132kV*,≤300km,80000,80000
2025-05-03 21:00:00,Megaflex Gen Urban,5717941398,2927.0501,2526.725,1328.65,1758.715,3866.7766309337044,2204.1754180928974,5717941664,>132kV*,≤300km,80000,80000
2025-05-03 22:00:00,Megaflex Gen Urban,5717941398,4277.7498,4093.4501,424.34,834.24,5920.7665950103155,935.9598352493551,5717941664,>132kV*,≤300km,80000,80000
2025-05-03 23:00:00,Megaflex Gen Urban,5717941398,2119.7001,2909.7501,1334.375,2402.875,3599.968632973074,2748.520494056757,5717941664,>132kV*,≤300km,80000,80000
2025-05-04 00:00:00,Megaflex Gen Urban,5717941398,583.69,977.31,4043.525,3241.925,1138.3447861698141,5182.680014360331,5717941664,>132kV*,≤300km,80000,80000
2025-05-04 01:00:00,Megaflex Gen Urban,5717941398,179.52,638.4,4775.0251,4378.565,663.1606067914469,6478.633819321401,5717941664,>132kV*,≤300km,80000,80000
2025-05-04 02:00:00,Megaflex Gen Urban,5717941398,1296.0,1575.325,2273.275,3249.5999,2039.9178551169653,3965.8137545408017,5717941664,>132kV*,≤300km,80000,80000
2025-05-04 03:00:00,Megaflex Gen Urban,5717941398,1599.35,2800.325,1378.58,2474.875,3224.862869662057,2832.9294170566623,5717941664,>132kV*,≤300km,80000,80000
2025-05-04 04:00:00,Megaflex Gen Urban,5717941398,2474.875,2766.725,1046.4,1810.5751,3712.1117293597185,2091.204235061705,5717941664,>132kV*,≤300km,80000,80000
2025-05-04 05:00:00,Megaflex Gen Urban,5717941398,1128.015,1435.225,4052.15,3656.6252,1825.4557351110982,5458.097422708305,5717941664,>132kV*,≤300km,80000,80000
2025-05-04 06:00:00,Megaflex Gen Urban,5717941398,1860.48,1457.275,7149.125,3874.575,2363.268130370526,8131.563176674581,5717941664,>132kV*,≤300km,80000,80000
2025-05-04 07:00:00,Megaflex Gen Urban,5717941398,0.0,0.005,14846.25,3135.3501,0.005,15173.712772820962,5717941664,>132kV*,≤300km,80000,80000
2025-05-04 08:00:00,Megaflex Gen Urban,5717941398,0.0,0.0,14356.9502,3861.1001,0.0,14867.081523537161,5717941664,>132kV*,≤300km,80000,80000
2025-05-04 09:00:00,Megaflex Gen Urban,5717941398,1999.665,1513.9,3490.5501,3583.6748,2508.097550380567,5002.665796629338,5717941664,>132kV*,≤300km,80000,80000
2025-05-04 10:00:00,Megaflex Gen Urban,5717941398,50.895,129.62,10356.4746,4692.5,139.25388836581908,11369.965804277741,5717941664,>132kV*,≤300km,80000,80000
2025-05-04 11:00:00,Megaflex Gen Urban,5717941398,360.0,322.56,6723.8501,3911.0251,483.3683415367622,7778.578115574852,5717941664,>132kV*,≤300km,80000,80000
2025-05-04 12:00:00,Megaflex Gen Urban,5717941398,151.68,518.4,6653.75,4378.575,540.1345965590428,7965.193537706727,5717941664,>132kV*,≤300km,80000,80000
2025-05-04 13:00:00,Megaflex Gen Urban,5717941398,32.64,144.0,8740.8003,4591.6748,147.6528685803293,9873.45265616011,5717941664,>132kV*,≤300km,80000,80000
2025-05-04 14:00:00,Megaflex Gen Urban,5717941398,0.0,0.0,8538.2505,4012.8,0.0,9434.208257228067,5717941664,>132kV*,≤300km,80000,80000
2025-05-04 15:00:00,Megaflex Gen Urban,5717941398,3722.875,2942.375,678.73,1527.35,4745.246980532204,1671.3684319742308,5717941664,>132kV*,≤300km,80000,80000
2025-05-04 16:00:00,Megaflex Gen Urban,5717941398,2687.975,1884.4751,2418.215,1937.29,3282.751285605568,3098.524863596386,5717941664,>132kV*,≤300km,80000,80000
2025-05-04 17:00:00,Megaflex Gen Urban,5717941398,5522.875,2424.975,1129.945,1578.225,6031.803380105323,1941.0228884920446,5717941664,>132kV*,≤300km,80000,80000
2025-05-04 18:00:00,Megaflex Gen Urban,5717941398,0.035,0.015,12138.0,5710.0999,0.03807886552931954,13414.033132059127,5717941664,>132kV*,≤300km,80000,80000
2025-05-04 19:00:00,Megaflex Gen Urban,5717941398,0.0,0.0,12416.75,4673.2749,0.0,13267.071223652567,5717941664,>132kV*,≤300km,80000,80000
2025-05-04 20:00:00,Megaflex Gen Urban,5717941398,0.0,0.0,13010.75,4537.9248,0.0,13779.41860358974,5717941664,>132kV*,≤300km,80000,80000
2025-05-04 21:00:00,Megaflex Gen Urban,5717941398,1161.6,1055.025,4728.225,2698.55,1569.2011695843844,5444.105413483928,5717941664,>132kV*,≤300km,80000,80000
2025-05-04 22:00:00,Megaflex Gen Urban,5717941398,6041.2749,4460.1499,190.115,660.475,7509.323508002571,687.2924696590237,5717941664,>132kV*,≤300km,80000,80000
2025-05-04 23:00:00,Megaflex Gen Urban,5717941398,2991.35,4538.875,208.32,1032.03,5435.950798905837,1052.8452608527048,5717941664,>132kV*,≤300km,80000,80000
2025-05-05 00:00:00,Megaflex Gen Urban,5717941398,6171.8252,5314.5749,49.92,144.0,8144.699667088103,152.40736990053992,5717941664,>132kV*,≤300km,80000,80000
2025-05-05 01:00:00,Megaflex Gen Urban,5717941398,3750.7302,3376.3251,581.76,1656.93,5046.538240624166,1756.0927431374462,5717941664,>132kV*,≤300km,80000,80000
2025-05-05 02:00:00,Megaflex Gen Urban,5717941398,5419.2,4060.7999,124.8,358.11,6771.840552452487,379.2331896076608,5717941664,>132kV*,≤300km,80000,80000
2025-05-05 03:00:00,Megaflex Gen Urban,5717941398,6076.8,3995.5,84.48,305.28,7272.655532197301,316.7534511256349,5717941664,>132kV*,≤300km,80000,80000
2025-05-05 04:00:00,Megaflex Gen Urban,5717941398,4434.2252,2924.175,884.13,908.145,5311.605459269357,1267.44356794494,5717941664,>132kV*,≤300km,80000,80000
2025-05-05 05:00:00,Megaflex Gen Urban,5717941398,3977.275,4048.325,1000.31,1120.325,5675.178563820701,1501.9148450311689,5717941664,>132kV*,≤300km,80000,80000
2025-05-05 06:00:00,Megaflex Gen Urban,5717941398,1682.9,1985.275,2068.825,2792.6499,2602.5889486480573,3475.475556610204,5717941664,>132kV*,≤300km,80000,80000
2025-05-05 07:00:00,Megaflex Gen Urban,5717941398,1766.4,1269.1,2102.4,2189.75,2175.036498544335,3035.6368067507683,5717941664,>132kV*,≤300km,80000,80000
2025-05-05 08:00:00,Megaflex Gen Urban,5717941398,1107.84,1424.65,2300.15,2312.625,1804.6986142012745,3261.736410736619,5717941664,>132kV*,≤300km,80000,80000
2025-05-05 09:00:00,Megaflex Gen Urban,5717941398,2021.775,1800.95,1605.125,1767.375,2707.5810335288215,2387.475791762086,5717941664,>132kV*,≤300km,80000,80000
2025-05-05 10:00:00,Megaflex Gen Urban,5717941398,872.645,1059.875,4097.275,2904.9501,1372.8963222508828,5022.588725857912,5717941664,>132kV*,≤300km,80000,80000
2025-05-05 11:00:00,Megaflex Gen Urban,5717941398,632.64,590.4,6943.475,4030.1001,865.3355011785891,8028.296948397276,5717941664,>132kV*,≤300km,80000,80000
2025-05-05 12:00:00,Megaflex Gen Urban,5717941398,1450.56,1791.35,3067.4,2439.325,2305.007404782032,3919.087804020854,5717941664,>132kV*,≤300km,80000,80000
2025-05-05 13:00:00,Megaflex Gen Urban,5717941398,986.85,902.385,4162.5751,2599.7,1337.2253402942229,4907.6951365320165,5717941664,>132kV*,≤300km,80000,80000
2025-05-05 14:00:00,Megaflex Gen Urban,5717941398,156.51,433.945,5985.6001,4809.6,461.30645250744107,7678.519435224476,5717941664,>132kV*,≤300km,80000,80000
2025-05-05 15:00:00,Megaflex Gen Urban,5717941398,607.68,1009.92,4031.025,3923.5251,1178.6489675895873,5625.229929607767,5717941664,>132kV*,≤300km,80000,80000
2025-05-05 16:00:00,Megaflex Gen Urban,5717941398,563.52,600.0,3136.325,3983.025,823.1371637825619,5069.617604538827,5717941664,>132kV*,≤300km,80000,80000
2025-05-05 17:00:00,Megaflex Gen Urban,5717941398,1512.92,975.325,4293.125,2849.3,1800.0516053783015,5152.614167160686,5717941664,>132kV*,≤300km,80000,80000
2025-05-05 18:00:00,Megaflex Gen Urban,5717941398,786.28,1401.625,2929.9249,3520.3,1607.1057460618451,4580.06244604154,5717941664,>132kV*,≤300km,80000,80000
2025-05-05 19:00:00,Megaflex Gen Urban,5717941398,730.56,662.41,3252.475,2966.4,986.1566415636007,4402.058903016292,5717941664,>132kV*,≤300km,80000,80000
2025-05-05 20:00:00,Megaflex Gen Urban,5717941398,7156.7749,3179.4999,1213.46,1181.785,7831.260855275479,1693.8420699182673,5717941664,>132kV*,≤300km,80000,80000
2025-05-05 21:00:00,Megaflex Gen Urban,5717941398,9003.8501,5012.1499,0.0,0.0,10304.899962801192,0.0,5717941664,>132kV*,≤300km,80000,80000
2025-05-05 22:00:00,Megaflex Gen Urban,5717941398,9550.9248,4439.0501,47.04,267.84,10532.109490769884,271.93938148050563,5717941664,>132kV*,≤300km,80000,80000
2025-05-05 23:00:00,Megaflex Gen Urban,5717941398,31948.75,4453.4249,0.0,0.0,32257.644363816155,0.0,5717941664,>132kV*,≤300km,80000,80000
2025-05-06 00:00:00,Megaflex Gen Urban,5717941398,39979.0,24.995,0.0,0.0,39979.00781347662,0.0,5717941664,>132kV*,≤300km,80000,80000
2025-05-06 01:00:00,Megaflex Gen Urban,5717941398,26761.25,39.36,0.0,0.0,26761.278944999995,0.0,5717941664,>132kV*,≤300km,80000,80000
2025-05-06 02:00:00,Megaflex Gen Urban,5717941398,31992.75,665.245,0.0,0.0,31999.665677511774,0.0,5717941664,>132kV*,≤300km,80000,80000
2025-05-06 03:00:00,Megaflex Gen Urban,5717941398,42902.5,1.955,0.0,0.0,42902.50004454315,0.0,5717941664,>132kV*,≤300km,80000,80000
2025-05-06 04:00:00,Megaflex Gen Urban,5717941398,42959.0,0.0,0.0,0.0,42959.0,0.0,5717941664,>132kV*,≤300km,80000,80000
2025-05-06 05:00:00,Megaflex Gen Urban,5717941398,47441.25,384.0,0.0,0.0,47442.804065131946,0.0,5717941664,>132kV*,≤300km,80000,80000
2025-05-06 06:00:00,Megaflex Gen Urban,5717941398,47231.0,159.36,0.0,0.0,47231.26884395125,0.0,5717941664,>132kV*,≤300km,80000,80000
2025-05-06 07:00:00,Megaflex Gen Urban,5717941398,46213.5,1138.5399,0.0,0.0,46227.522704054696,0.0,5717941664,>132kV*,≤300km,80000,80000
2025-05-06 08:00:00,Megaflex Gen Urban,5717941398,44559.1992,7785.5747,0.0,0.0,45234.25037241759,0.0,5717941664,>132kV*,≤300km,80000,80000
2025-05-06 09:00:00,Megaflex Gen Urban,5717941398,41915.5,6748.8252,0.0,0.0,42455.33867289431,0.0,5717941664,>132kV*,≤300km,80000,80000
2025-05-06 10:00:00,Megaflex Gen Urban,5717941398,43180.0,6707.5,0.0,0.0,43697.85985892215,0.0,5717941664,>132kV*,≤300km,80000,80000
2025-05-06 11:00:00,Megaflex Gen Urban,5717941398,41215.5,5332.8001,0.0,0.0,41559.06877152759,0.0,5717941664,>132kV*,≤300km,80000,80000
2025-05-06 12:00:00,Megaflex Gen Urban,5717941398,41642.0,4316.15,0.0,0.0,41865.084674732236,0.0,5717941664,>132kV*,≤300km,80000,80000
2025-05-06 13:00:00,Megaflex Gen Urban,5717941398,39745.75,2956.825,0.0,0.0,39855.58250914325,0.0,5717941664,>132kV*,≤300km,80000,80000
2025-05-06 14:00:00,Megaflex Gen Urban,5717941398,39240.25,2225.275,0.0,0.0,39303.29590362779,0.0,5717941664,>132kV*,≤300km,80000,80000
2025-05-06 15:00:00,Megaflex Gen Urban,5717941398,39745.0,3363.85,0.0,0.0,39887.09705935617,0.0,5717941664,>132kV*,≤300km,80000,80000
2025-05-06 16:00:00,Megaflex Gen Urban,5717941398,41972.0,4164.4498,0.0,0.0,42178.09177922491,0.0,5717941664,>132kV*,≤300km,80000,80000
2025-05-06 17:00:00,Megaflex Gen Urban,5717941398,42132.5,4659.85,0.0,0.0,42389.406203348735,0.0,5717941664,>132kV*,≤300km,80000,80000
2025-05-06 18:00:00,Megaflex Gen Urban,5717941398,44065.75,5593.925,0.0,0.0,44419.391260665936,0.0,5717941664,>132kV*,≤300km,80000,80000
2025-05-06 19:00:00,Megaflex Gen Urban,5717941398,43115.5,5307.8499,0.0,0.0,43440.98998424104,0.0,5717941664,>132kV*,≤300km,80000,80000
2025-05-06 20:00:00,Megaflex Gen Urban,5717941398,42328.5,5288.6499,0.0,0.0,42657.6104583317,0.0,5717941664,>132kV*,≤300km,80000,80000
2025-05-06 21:00:00,Megaflex Gen Urban,5717941398,43915.25,5516.1499,0.0,0.0,44260.33316957488,0.0,5717941664,>132kV*,≤300km,80000,80000
2025-05-06 22:00:00,Megaflex Gen Urban,5717941398,44481.5,5963.5252,0.0,0.0,44879.47721465832,0.0,5717941664,>132kV*,≤300km,80000,80000
2025-05-06 23:00:00,Megaflex Gen Urban,5717941398,39891.0,3213.1249,0.0,0.0,40020.19555952969,0.0,5717941664,>132kV*,≤300km,80000,80000
2025-05-07 00:00:00,Megaflex Gen Urban,5717941398,36235.0,709.445,0.0,0.0,36241.9444457389,0.0,5717941664,>132kV*,≤300km,80000,80000
2025-05-07 01:00:00,Megaflex Gen Urban,5717941398,30393.75,17.28,0.0,0.0,30393.754912167402,0.0,5717941664,>132kV*,≤300km,80000,80000
2025-05-07 02:00:00,Megaflex Gen Urban,5717941398,31111.75,148.8,0.0,0.0,31112.105835229155,0.0,5717941664,>132kV*,≤300km,80000,80000
2025-05-07 03:00:00,Megaflex Gen Urban,5717941398,32319.25,893.76,0.0,0.0,32331.60570556464,0.0,5717941664,>132kV*,≤300km,80000,80000
2025-05-07 04:00:00,Megaflex Gen Urban,5717941398,30618.25,5695.6753,0.0,0.0,31143.505746552204,0.0,5717941664,>132kV*,≤300km,80000,80000
2025-05-07 05:00:00,Megaflex Gen Urban,5717941398,36938.75,10224.75,0.0,0.0,38327.75448842523,0.0,5717941664,>132kV*,≤300km,80000,80000
2025-05-07 06:00:00,Megaflex Gen Urban,5717941398,43007.0,7986.4253,0.0,0.0,43742.25689276309,0.0,5717941664,>132kV*,≤300km,80000,80000
2025-05-07 07:00:00,Megaflex Gen Urban,5717941398,45733.5,10068.3999,0.0,0.0,46828.684572560014,0.0,5717941664,>132kV*,≤300km,80000,80000
2025-05-07 08:00:00,Megaflex Gen Urban,5717941398,46129.0,12382.75,0.0,0.0,47762.08892586776,0.0,5717941664,>132kV*,≤300km,80000,80000
2025-05-07 09:00:00,Megaflex Gen Urban,5717941398,49770.25,16394.0,0.0,0.0,52400.773096038385,0.0,5717941664,>132kV*,≤300km,80000,80000
2025-05-07 10:00:00,Megaflex Gen Urban,5717941398,51605.75,18220.75,0.0,0.0,54727.95596059659,0.0,5717941664,>132kV*,≤300km,80000,80000
2025-05-07 11:00:00,Megaflex Gen Urban,5717941398,53478.75,20749.75,0.0,0.0,57363.131248433434,0.0,5717941664,>132kV*,≤300km,80000,80000
2025-05-07 12:00:00,Megaflex Gen Urban,5717941398,55441.0,22595.5,0.0,0.0,59868.69884380318,0.0,5717941664,>132kV*,≤300km,80000,80000
2025-05-07 13:00:00,Megaflex Gen Urban,5717941398,48559.75,5945.3501,0.0,0.0,48922.351822802535,0.0,5717941664,>132kV*,≤300km,80000,80000
2025-05-07 14:00:00,Megaflex Gen Urban,5717941398,60354.25,5445.0998,0.0,0.0,60599.377924979235,0.0,5717941664,>132kV*,≤300km,80000,80000
2025-05-07 15:00:00,Megaflex Gen Urban,5717941398,53864.75,5386.5752,0.0,0.0,54133.41375664161,0.0,5717941664,>132kV*,≤300km,80000,80000
2025-05-07 16:00:00,Megaflex Gen Urban,5717941398,34082.75,5620.8,0.0,0.0,34543.12146003167,0.0,5717941664,>132kV*,≤300km,80000,80000
2025-05-07 17:00:00,Megaflex Gen Urban,5717941398,36308.0,4174.075,0.0,0.0,36547.14443161907,0.0,5717941664,>132kV*,≤300km,80000,80000
2025-05-07 18:00:00,Megaflex Gen Urban,5717941398,39357.25,5478.7249,0.0,0.0,39736.75319011834,0.0,5717941664,>132kV*,≤300km,80000,80000
2025-05-07 19:00:00,Megaflex Gen Urban,5717941398,31258.5,5125.4251,0.0,0.0,31675.918371938486,0.0,5717941664,>132kV*,≤300km,80000,80000
2025-05-07 20:00:00,Megaflex Gen Urban,5717941398,25681.75,5287.7002,0.0,0.0,26220.451111061764,0.0,5717941664,>132kV*,≤300km,80000,80000
2025-05-07 21:00:00,Megaflex Gen Urban,5717941398,26017.25,5710.0752,0.0,0.0,26636.48355831068,0.0,5717941664,>132kV*,≤300km,80000,80000
2025-05-07 22:00:00,Megaflex Gen Urban,5717941398,37195.0,4467.8501,0.0,0.0,37462.37725393398,0.0,5717941664,>132kV*,≤300km,80000,80000
2025-05-07 23:00:00,Megaflex Gen Urban,5717941398,33359.25,1391.025,0.0,0.0,33388.23911369279,0.0,5717941664,>132kV*,≤300km,80000,80000
2025-05-10 00:00:00,Megaflex Gen Urban,5717941398,29291.5,395.545,0.0,0.0,29294.170548029262,0.0,5717941664,>132kV*,≤300km,80000,80000
2025-05-10 01:00:00,Megaflex Gen Urban,5717941398,29402.0254,803.52,0.0,0.0,29413.002941091294,0.0,5717941664,>132kV*,≤300km,80000,80000
2025-05-10 02:00:00,Megaflex Gen Urban,5717941398,29388.25,972.46,0.0,0.0,29404.33499527068,0.0,5717941664,>132kV*,≤300km,80000,80000
2025-05-10 03:00:00,Megaflex Gen Urban,5717941398,29433.75,1036.82,0.0,0.0,29452.005615490772,0.0,5717941664,>132kV*,≤300km,80000,80000
2025-05-10 04:00:00,Megaflex Gen Urban,5717941398,29671.5,842.88,0.0,0.0,29683.469455985094,0.0,5717941664,>132kV*,≤300km,80000,80000
2025-05-10 05:00:00,Megaflex Gen Urban,5717941398,29433.75,816.0,0.0,0.0,29445.05892441888,0.0,5717941664,>132kV*,≤300km,80000,80000
2025-05-10 06:00:00,Megaflex Gen Urban,5717941398,29977.75,1285.4,0.0,0.0,30005.295336365212,0.0,5717941664,>132kV*,≤300km,80000,80000
2025-05-10 07:00:00,Megaflex Gen Urban,5717941398,29338.75,357.16,0.0,0.0,29340.92389186305,0.0,5717941664,>132kV*,≤300km,80000,80000
2025-05-10 08:00:00,Megaflex Gen Urban,5717941398,28921.0,57.6,0.0,0.0,28921.0573589556,0.0,5717941664,>132kV*,≤300km,80000,80000
2025-05-10 09:00:00,Megaflex Gen Urban,5717941398,29913.5,727.675,0.0,0.0,29922.349392312513,0.0,5717941664,>132kV*,≤300km,80000,80000
2025-05-10 10:00:00,Megaflex Gen Urban,5717941398,29715.0,763.205,0.0,0.0,29724.799526187304,0.0,5717941664,>132kV*,≤300km,80000,80000
2025-05-10 11:00:00,Megaflex Gen Urban,5717941398,28165.25,0.0,0.0,0.0,28165.25,0.0,5717941664,>132kV*,≤300km,80000,80000
2025-05-10 12:00:00,Megaflex Gen Urban,5717941398,27557.75,3.84,0.0,0.0,27557.75026753998,0.0,5717941664,>132kV*,≤300km,80000,80000
2025-05-10 13:00:00,Megaflex Gen Urban,5717941398,27911.25,0.96,0.0,0.0,27911.25001650947,0.0,5717941664,>132kV*,≤300km,80000,80000
2025-05-10 14:00:00,Megaflex Gen Urban,5717941398,27606.75,2.88,0.0,0.0,27606.75015022413,0.0,5717941664,>132kV*,≤300km,80000,80000
2025-05-10 15:00:00,Megaflex Gen Urban,5717941398,27588.25,0.0,0.0,0.0,27588.25,0.0,5717941664,>132kV*,≤300km,80000,80000
2025-05-10 16:00:00,Megaflex Gen Urban,5717941398,27532.75,24.0,0.0,0.0,27532.760460268055,0.0,5717941664,>132kV*,≤300km,80000,80000
2025-05-10 17:00:00,Megaflex Gen Urban,5717941398,27797.75,0.0,0.0,0.0,27797.75,0.0,5717941664,>132kV*,≤300km,80000,80000
2025-05-10 18:00:00,Megaflex Gen Urban,5717941398,27424.5,0.0,0.0,0.0,27424.5,0.0,5717941664,>132kV*,≤300km,80000,80000
2025-05-10 19:00:00,Megaflex Gen Urban,5717941398,27829.5,0.96,0.0,0.0,27829.50001655797,0.0,5717941664,>132kV*,≤300km,80000,80000
2025-05-10 20:00:00,Megaflex Gen Urban,5717941398,27496.25,0.0,0.0,0.0,27496.25,0.0,5717941664,>132kV*,≤300km,80000,80000
2025-05-10 21:00:00,Megaflex Gen Urban,5717941398,27372.5,0.0,0.0,0.0,27372.5,0.0,5717941664,>132kV*,≤300km,80000,80000
2025-05-10 22:00:00,Megaflex Gen Urban,5717941398,27059.5,0.0,0.0,0.0,27059.5,0.0,5717941664,>132kV*,≤300km,80000,80000
2025-05-10 23:00:00,Megaflex Gen Urban,5717941398,27118.0,0.0,0.0,0.0,27118.0,0.0,5717941664,>132kV*,≤300km,80000,80000
2025-05-11 00:00:00,Megaflex Gen Urban,5717941398,27008.75,0.0,0.0,0.0,27008.75,0.0,5717941664,>132kV*,≤300km,80000,80000
2025-05-11 01:00:00,Megaflex Gen Urban,5717941398,26523.75,0.0,0.0,0.0,26523.75,0.0,5717941664,>132kV*,≤300km,80000,80000
2025-05-11 02:00:00,Megaflex Gen Urban,5717941398,26266.75,0.0,0.0,0.0,26266.75,0.0,5717941664,>132kV*,≤300km,80000,80000
2025-05-11 03:00:00,Megaflex Gen Urban,5717941398,26690.75,0.0,0.0,0.0,26690.75,0.0,5717941664,>132kV*,≤300km,80000,80000
2025-05-11 04:00:00,Megaflex Gen Urban,5717941398,26469.0,0.0,0.0,0.0,26469.0,0.0,5717941664,>132kV*,≤300km,80000,80000
2025-05-11 05:00:00,Megaflex Gen Urban,5717941398,25888.5,0.0,0.0,0.0,25888.5,0.0,5717941664,>132kV*,≤300km,80000,80000
2025-05-11 06:00:00,Megaflex Gen Urban,5717941398,21169.75,0.0,0.0,0.0,21169.75,0.0,5717941664,>132kV*,≤300km,80000,80000
2025-05-11 07:00:00,Megaflex Gen Urban,5717941398,20582.25,0.0,0.0,0.0,20582.25,0.0,5717941664,>132kV*,≤300km,80000,80000
2025-05-11 08:00:00,Megaflex Gen Urban,5717941398,21237.25,0.0,0.0,0.0,21237.25,0.0,5717941664,>132kV*,≤300km,80000,80000
2025-05-11 09:00:00,Megaflex Gen Urban,5717941398,21528.0,0.0,0.0,0.0,21528.0,0.0,5717941664,>132kV*,≤300km,80000,80000
2025-05-11 10:00:00,Megaflex Gen Urban,5717941398,21062.5,0.0,0.0,0.0,21062.5,0.0,5717941664,>132kV*,≤300km,80000,80000
2025-05-11 11:00:00,Megaflex Gen Urban,5717941398,20608.5,0.0,0.0,0.0,20608.5,0.0,5717941664,>132kV*,≤300km,80000,80000
2025-05-11 12:00:00,Megaflex Gen Urban,5717941398,19509.0,0.0,0.0,0.0,19509.0,0.0,5717941664,>132kV*,≤300km,80000,80000
2025-05-11 13:00:00,Megaflex Gen Urban,5717941398,18597.25,0.0,0.0,0.0,18597.25,0.0,5717941664,>132kV*,≤300km,80000,80000
2025-05-11 14:00:00,Megaflex Gen Urban,5717941398,17767.5,0.0,0.0,0.0,17767.5,0.0,5717941664,>132kV*,≤300km,80000,80000
2025-05-11 15:00:00,Megaflex Gen Urban,5717941398,16958.25,0.0,0.0,0.0,16958.25,0.0,5717941664,>132kV*,≤300km,80000,80000
2025-05-11 16:00:00,Megaflex Gen Urban,5717941398,16830.0,0.0,0.0,0.0,16830.0,0.0,5717941664,>132kV*,≤300km,80000,80000
2025-05-11 17:00:00,Megaflex Gen Urban,5717941398,16997.75,0.0,0.0,0.0,16997.75,0.0,5717941664,>132kV*,≤300km,80000,80000
2025-05-11 18:00:00,Megaflex Gen Urban,5717941398,16965.0,0.0,0.0,0.0,16965.0,0.0,5717941664,>132kV*,≤300km,80000,80000
2025-05-11 19:00:00,Megaflex Gen Urban,5717941398,16697.25,0.0,0.0,0.0,16697.25,0.0,5717941664,>132kV*,≤300km,80000,80000
2025-05-11 20:00:00,Megaflex Gen Urban,5717941398,16266.25,0.0,0.0,0.0,16266.25,0.0,5717941664,>132kV*,≤300km,80000,80000
2025-05-11 21:00:00,Megaflex Gen Urban,5717941398,16016.75,0.0,0.0,0.0,16016.75,0.0,5717941664,>132kV*,≤300km,80000,80000
2025-05-11 22:00:00,Megaflex Gen Urban,5717941398,16018.5,0.0,0.0,0.0,16018.5,0.0,5717941664,>132kV*,≤300km,80000,80000
2025-05-11 23:00:00,Megaflex Gen Urban,5717941398,15781.25,0.0,0.0,0.0,15781.25,0.0,5717941664,>132kV*,≤300km,80000,80000
2025-05-14 00:00:00,Megaflex Gen Urban,5717941398,16181.75,13054.0,0.0,0.0,20790.765956609197,0.0,5717941664,>132kV*,≤300km,80000,80000
2025-05-14 01:00:00,Megaflex Gen Urban,5717941398,15883.25,12422.25,0.0,0.0,20164.07512446331,0.0,5717941664,>132kV*,≤300km,80000,80000
2025-05-14 02:00:00,Megaflex Gen Urban,5717941398,15889.0,12405.5,0.0,0.0,20158.292369394785,0.0,5717941664,>132kV*,≤300km,80000,80000
2025-05-14 03:00:00,Megaflex Gen Urban,5717941398,16123.25,12281.0,0.0,0.0,20267.761385079015,0.0,5717941664,>132kV*,≤300km,80000,80000
2025-05-14 04:00:00,Megaflex Gen Urban,5717941398,16584.0,12282.5,0.0,0.0,20637.074944138763,0.0,5717941664,>132kV*,≤300km,80000,80000
2025-05-14 05:00:00,Megaflex Gen Urban,5717941398,18645.0,13560.0,0.0,0.0,23054.492512306577,0.0,5717941664,>132kV*,≤300km,80000,80000
2025-05-14 06:00:00,Megaflex Gen Urban,5717941398,21183.5,14940.25,0.0,0.0,25922.03198656502,0.0,5717941664,>132kV*,≤300km,80000,80000
2025-05-14 07:00:00,Megaflex Gen Urban,5717941398,22334.25,16110.75,0.0,0.0,27538.60905392645,0.0,5717941664,>132kV*,≤300km,80000,80000
2025-05-14 08:00:00,Megaflex Gen Urban,5717941398,22650.25,16460.25,0.0,0.0,27999.529551851403,0.0,5717941664,>132kV*,≤300km,80000,80000
2025-05-14 09:00:00,Megaflex Gen Urban,5717941398,24524.25,10844.3501,0.0,0.0,26814.898231279378,0.0,5717941664,>132kV*,≤300km,80000,80000
2025-05-14 10:00:00,Megaflex Gen Urban,5717941398,26808.0,13858.5,0.0,0.0,30178.251875315775,0.0,5717941664,>132kV*,≤300km,80000,80000
2025-05-14 11:00:00,Megaflex Gen Urban,5717941398,30119.0,14566.0,0.0,0.0,33456.27769193698,0.0,5717941664,>132kV*,≤300km,80000,80000
2025-05-14 12:00:00,Megaflex Gen Urban,5717941398,31773.0,19356.5,0.0,0.0,37204.80642672395,0.0,5717941664,>132kV*,≤300km,80000,80000
2025-05-14 13:00:00,Megaflex Gen Urban,5717941398,33870.0,21757.5,0.0,0.0,40256.25052398696,0.0,5717941664,>132kV*,≤300km,80000,80000
2025-05-14 14:00:00,Megaflex Gen Urban,5717941398,35650.5,24449.0,0.0,0.0,43228.59876574766,0.0,5717941664,>132kV*,≤300km,80000,80000
2025-05-14 15:00:00,Megaflex Gen Urban,5717941398,36077.75,19364.25,0.0,0.0,40946.04038396143,0.0,5717941664,>132kV*,≤300km,80000,80000
2025-05-14 16:00:00,Megaflex Gen Urban,5717941398,45117.0,14374.3252,0.0,0.0,47351.50381936518,0.0,5717941664,>132kV*,≤300km,80000,80000
2025-05-14 17:00:00,Megaflex Gen Urban,5717941398,57143.25,14590.75,0.0,0.0,58976.614061210734,0.0,5717941664,>132kV*,≤300km,80000,80000
2025-05-14 18:00:00,Megaflex Gen Urban,5717941398,53631.25,8063.325,0.0,0.0,54234.01318930884,0.0,5717941664,>132kV*,≤300km,80000,80000
2025-05-14 19:00:00,Megaflex Gen Urban,5717941398,15317.0249,3174.7249,950.4,1097.275,15642.574275927222,1451.644786311376,5717941664,>132kV*,≤300km,80000,80000
2025-05-14 20:00:00,Megaflex Gen Urban,5717941398,280.335,288.025,14708.0,6312.95,401.92799460848704,16005.580330075507,5717941664,>132kV*,≤300km,80000,80000
2025-05-14 21:00:00,Megaflex Gen Urban,5717941398,0.0,0.0,21461.75,7304.6499,0.0,22670.787882737335,5717941664,>132kV*,≤300km,80000,80000
2025-05-14 22:00:00,Megaflex Gen Urban,5717941398,0.0,0.0,26096.75,6693.1001,0.0,26941.379873924794,5717941664,>132kV*,≤300km,80000,80000
2025-05-14 23:00:00,Megaflex Gen Urban,5717941398,0.0,0.0,30733.25,7941.125,0.0,31742.623108812622,5717941664,>132kV*,≤300km,80000,80000
2025-05-15 00:00:00,Megaflex Gen Urban,5717941398,0.0,0.0,27422.25,8213.7749,0.0,28625.965366610257,5717941664,>132kV*,≤300km,80000,80000
2025-05-15 01:00:00,Megaflex Gen Urban,5717941398,0.0,0.0,16246.25,6572.1548,0.0,17525.234885092497,5717941664,>132kV*,≤300km,80000,80000
2025-05-15 02:00:00,Megaflex Gen Urban,5717941398,0.0,0.0,10846.0,6871.6751,0.0,12839.61193650182,5717941664,>132kV*,≤300km,80000,80000
2025-05-15 03:00:00,Megaflex Gen Urban,5717941398,0.0,0.0,17706.25,6950.3999,0.0,19021.549564439276,5717941664,>132kV*,≤300km,80000,80000
2025-05-15 04:00:00,Megaflex Gen Urban,5717941398,0.0,0.0,16555.25,5211.8501,0.0,17356.25777716412,5717941664,>132kV*,≤300km,80000,80000
2025-05-15 05:00:00,Megaflex Gen Urban,5717941398,132.48,422.4,7877.9751,6229.4253,442.68805088911085,10043.317740891209,5717941664,>132kV*,≤300km,80000,80000
2025-05-15 06:00:00,Megaflex Gen Urban,5717941398,84.48,288.0,8884.6499,5784.0,300.1347537357178,10601.493283758191,5717941664,>132kV*,≤300km,80000,80000
2025-05-15 07:00:00,Megaflex Gen Urban,5717941398,0.0,0.0,17761.75,5147.5249,0.0,18492.614083969307,5717941664,>132kV*,≤300km,80000,80000
2025-05-15 08:00:00,Megaflex Gen Urban,5717941398,17.28,151.68,8966.75,4443.8247,152.6611306128708,10007.50635907018,5717941664,>132kV*,≤300km,80000,80000
2025-05-15 09:00:00,Megaflex Gen Urban,5717941398,7.68,70.08,8705.05,4686.7251,70.49956595611069,9886.520503466829,5717941664,>132kV*,≤300km,80000,80000
2025-05-15 10:00:00,Megaflex Gen Urban,5717941398,65.28,321.6,5315.7249,5062.0752,328.15855679838677,7340.404385518216,5717941664,>132kV*,≤300km,80000,80000
2025-05-15 11:00:00,Megaflex Gen Urban,5717941398,0.0,0.0,10010.7002,4610.875,0.0,11021.537404550467,5717941664,>132kV*,≤300km,80000,80000
2025-05-15 12:00:00,Megaflex Gen Urban,5717941398,11.52,24.0,10521.5254,5627.5249,26.62161527781513,11931.954292695105,5717941664,>132kV*,≤300km,80000,80000
2025-05-15 13:00:00,Megaflex Gen Urban,5717941398,312.0,395.52,7301.0752,5184.95,503.76588848392663,8954.853744118607,5717941664,>132kV*,≤300km,80000,80000
2025-05-15 14:00:00,Megaflex Gen Urban,5717941398,308.16,681.6,4574.4001,5364.5,748.0248295344213,7050.03521444255,5717941664,>132kV*,≤300km,80000,80000
2025-05-15 15:00:00,Megaflex Gen Urban,5717941398,756.47,1940.16,3048.0101,4054.075,2082.4187106583536,5072.069565308328,5717941664,>132kV*,≤300km,80000,80000
2025-05-15 16:00:00,Megaflex Gen Urban,5717941398,1001.29,2515.2,2382.69,4820.1499,2707.177996382949,5376.9002868353455,5717941664,>132kV*,≤300km,80000,80000
2025-05-15 17:00:00,Megaflex Gen Urban,5717941398,4079.975,5015.0,296.67,1076.195,6465.0151585765825,1116.3372102214455,5717941664,>132kV*,≤300km,80000,80000
2025-05-15 18:00:00,Megaflex Gen Urban,5717941398,1339.225,2304.9749,2562.225,4727.9751,2665.7893559422528,5377.615223948716,5717941664,>132kV*,≤300km,80000,80000
2025-05-15 19:00:00,Megaflex Gen Urban,5717941398,0.0,0.025,8500.6001,5730.2502,0.025,10251.632524369963,5717941664,>132kV*,≤300km,80000,80000
2025-05-15 20:00:00,Megaflex Gen Urban,5717941398,170.88,433.92,5267.6998,3831.35,466.3545226541714,6513.670547810969,5717941664,>132kV*,≤300km,80000,80000
2025-05-15 21:00:00,Megaflex Gen Urban,5717941398,126.72,716.16,4802.8999,5343.375,727.2847475370289,7184.671449693787,5717941664,>132kV*,≤300km,80000,80000
2025-05-15 22:00:00,Megaflex Gen Urban,5717941398,5.76,51.84,9706.5752,4456.2998,52.159018395671524,10680.646516982717,5717941664,>132kV*,≤300km,80000,80000
2025-05-15 23:00:00,Megaflex Gen Urban,5717941398,409.92,801.58,5781.0998,3907.2002,900.3137801899958,6977.630564915291,5717941664,>132kV*,≤300km,80000,80000
2025-05-16 00:00:00,Megaflex Gen Urban,5717941398,2729.2501,2883.8501,1328.65,1963.2249,3970.5663963243355,2370.561712016797,5717941664,>132kV*,≤300km,80000,80000
2025-05-16 01:00:00,Megaflex Gen Urban,5717941398,2704.33,1970.855,2825.275,3101.75,3346.29200458134,4195.596726107623,5717941664,>132kV*,≤300km,80000,80000
2025-05-16 02:00:00,Megaflex Gen Urban,5717941398,10667.2251,5043.8501,211.215,342.735,11799.581143639803,402.5904326359483,5717941664,>132kV*,≤300km,80000,80000
2025-05-16 03:00:00,Megaflex Gen Urban,5717941398,12178.5,5394.25,0.0,0.0,13319.676997303652,0.0,5717941664,>132kV*,≤300km,80000,80000
2025-05-16 04:00:00,Megaflex Gen Urban,5717941398,13504.5,5307.85,0.0,0.0,14510.161676304644,0.0,5717941664,>132kV*,≤300km,80000,80000
2025-05-16 05:00:00,Megaflex Gen Urban,5717941398,7876.0249,4974.7,599.975,1906.55,9315.546592413137,1998.725319578706,5717941664,>132kV*,≤300km,80000,80000
2025-05-16 06:00:00,Megaflex Gen Urban,5717941398,3381.1049,3963.8502,1554.265,2995.2102,5209.988363983556,3374.4664515163045,5717941664,>132kV*,≤300km,80000,80000
2025-05-16 07:00:00,Megaflex Gen Urban,5717941398,5288.6499,3866.875,462.72,891.82,6551.529594712598,1004.7152386621794,5717941664,>132kV*,≤300km,80000,80000
2025-05-16 08:00:00,Megaflex Gen Urban,5717941398,1588.775,3115.2,2275.2,3146.8749,3496.952536227079,3883.2147347590767,5717941664,>132kV*,≤300km,80000,80000
2025-05-16 09:00:00,Megaflex Gen Urban,5717941398,5214.75,5605.45,93.12,396.505,7656.02294046981,407.2929528300238,5717941664,>132kV*,≤300km,80000,80000
2025-05-16 10:00:00,Megaflex Gen Urban,5717941398,4417.9,3935.0251,2213.75,1598.375,5916.271033990076,2730.474629643169,5717941664,>132kV*,≤300km,80000,80000
2025-05-16 11:00:00,Megaflex Gen Urban,5717941398,2443.2299,2319.385,6244.45,3053.7499,3368.8156854418453,6951.154167061036,5717941664,>132kV*,≤300km,80000,80000
2025-05-16 12:00:00,Megaflex Gen Urban,5717941398,31.68,136.32,10286.7251,5497.9248,139.95272344616947,11663.785422813,5717941664,>132kV*,≤300km,80000,80000
2025-05-16 13:00:00,Megaflex Gen Urban,5717941398,2651.5,3811.1999,1480.355,2138.9099,4642.811317268882,2601.227880510089,5717941664,>132kV*,≤300km,80000,80000
2025-05-16 14:00:00,Megaflex Gen Urban,5717941398,4975.6748,5378.875,29.76,336.96,7327.3212008878145,338.2716352282585,5717941664,>132kV*,≤300km,80000,80000
2025-05-16 15:00:00,Megaflex Gen Urban,5717941398,8088.0254,5725.4251,0.0,0.0,9909.422155037859,0.0,5717941664,>132kV*,≤300km,80000,80000
2025-05-16 16:00:00,Megaflex Gen Urban,5717941398,5375.025,4331.5,842.86,1414.045,6903.099738568537,1646.1883979742418,5717941664,>132kV*,≤300km,80000,80000
2025-05-16 17:00:00,Megaflex Gen Urban,5717941398,744.015,2000.65,1954.58,3294.725,2134.516044147947,3830.8740258621137,5717941664,>132kV*,≤300km,80000,80000
2025-05-16 18:00:00,Megaflex Gen Urban,5717941398,6275.5,5212.7998,63.36,476.19,8158.135939347912,480.3867251496444,5717941664,>132kV*,≤300km,80000,80000
2025-05-16 19:00:00,Megaflex Gen Urban,5717941398,4328.6499,4143.375,698.88,1558.05,5992.058606805763,1707.6161913322326,5717941664,>132kV*,≤300km,80000,80000
2025-05-16 20:00:00,Megaflex Gen Urban,5717941398,6003.8252,5468.1502,51.84,284.19,8120.750189601641,288.87945877130136,5717941664,>132kV*,≤300km,80000,80000
2025-05-16 21:00:00,Megaflex Gen Urban,5717941398,7257.625,5092.7998,20.16,117.12,8866.212858007924,118.8424166701435,5717941664,>132kV*,≤300km,80000,80000
2025-05-16 22:00:00,Megaflex Gen Urban,5717941398,6469.4251,4835.5251,448.32,371.52,8076.865983612704,582.2524648294758,5717941664,>132kV*,≤300km,80000,80000
2025-05-16 23:00:00,Megaflex Gen Urban,5717941398,54.735,246.74,5895.3501,5376.9502,252.73810125305604,7979.144456321746,5717941664,>132kV*,≤300km,80000,80000
2025-05-17 00:00:00,Megaflex Gen Urban,5717941398,60.48,249.6,6359.0254,4689.6,256.8228774856321,7901.237383970005,5717941664,>132kV*,≤300km,80000,80000
2025-05-17 01:00:00,Megaflex Gen Urban,5717941398,157.44,230.4,6044.175,5023.6748,279.05467851301114,7859.348568856075,5717941664,>132kV*,≤300km,80000,80000
2025-05-17 02:00:00,Megaflex Gen Urban,5717941398,827.495,1583.0,2651.525,3225.6001,1786.2354198215307,4175.53359832549,5717941664,>132kV*,≤300km,80000,80000
2025-05-17 03:00:00,Megaflex Gen Urban,5717941398,2282.905,2692.8249,1916.145,2083.185,3530.291939922959,2830.4189451828506,5717941664,>132kV*,≤300km,80000,80000
2025-05-17 04:00:00,Megaflex Gen Urban,5717941398,813.12,1641.6,1654.1,2636.1749,1831.9428742185166,3112.1479581456297,5717941664,>132kV*,≤300km,80000,80000
2025-05-17 05:00:00,Megaflex Gen Urban,5717941398,2078.395,2171.525,1900.8001,3208.325,3005.8686933480644,3729.1272874206115,5717941664,>132kV*,≤300km,80000,80000
2025-05-17 06:00:00,Megaflex Gen Urban,5717941398,4566.7001,4563.8247,25.92,158.41,6456.256322023631,160.51658637038105,5717941664,>132kV*,≤300km,80000,80000
2025-05-17 07:00:00,Megaflex Gen Urban,5717941398,4860.5,4865.2751,260.16,753.565,6877.162354392981,797.2097809391203,5717941664,>132kV*,≤300km,80000,80000
2025-05-17 08:00:00,Megaflex Gen Urban,5717941398,846.725,2602.5751,1346.855,3537.6,2736.8486214558907,3785.31797224817,5717941664,>132kV*,≤300km,80000,80000
2025-05-17 09:00:00,Megaflex Gen Urban,5717941398,161.28,540.495,5904.0,6382.0999,564.0443984519303,8694.15982907952,5717941664,>132kV*,≤300km,80000,80000
2025-05-17 10:00:00,Megaflex Gen Urban,5717941398,0.0,0.0,13381.25,7146.25,0.0,15169.928827288544,5717941664,>132kV*,≤300km,80000,80000
2025-05-17 11:00:00,Megaflex Gen Urban,5717941398,1799.975,2583.3501,5205.335,4488.9249,3148.5882137546996,6873.569612658695,5717941664,>132kV*,≤300km,80000,80000
2025-05-17 12:00:00,Megaflex Gen Urban,5717941398,1807.705,3494.4098,1633.92,3703.7,3934.297550689454,4048.0968684555955,5717941664,>132kV*,≤300km,80000,80000
2025-05-17 13:00:00,Megaflex Gen Urban,5717941398,3906.2252,5116.775,448.32,1187.52,6437.389355456142,1269.3283943881504,5717941664,>132kV*,≤300km,80000,80000
2025-05-17 14:00:00,Megaflex Gen Urban,5717941398,876.495,1825.925,1929.6,4536.9751,2025.4001063123305,4930.263605327813,5717941664,>132kV*,≤300km,80000,80000
2025-05-17 15:00:00,Megaflex Gen Urban,5717941398,188.16,671.06,5547.825,5064.9502,696.940247940955,7512.129043028018,5717941664,>132kV*,≤300km,80000,80000
2025-05-17 16:00:00,Megaflex Gen Urban,5717941398,546.225,1490.875,2555.5,4580.15,1587.7877743105341,5244.840728992635,5717941664,>132kV*,≤300km,80000,80000
2025-05-17 17:00:00,Megaflex Gen Urban,5717941398,838.095,2129.25,1714.595,2991.375,2288.254529444878,3447.9211714669464,5717941664,>132kV*,≤300km,80000,80000
2025-05-17 18:00:00,Megaflex Gen Urban,5717941398,665.28,1872.025,1761.5949,3667.1999,1986.7247114346267,4068.362286997806,5717941664,>132kV*,≤300km,80000,80000
2025-05-17 19:00:00,Megaflex Gen Urban,5717941398,224.64,850.57,5136.95,5608.3252,879.7343090388143,7605.364347054981,5717941664,>132kV*,≤300km,80000,80000
2025-05-17 20:00:00,Megaflex Gen Urban,5717941398,914.88,2046.7,2204.1501,4291.175,2241.8711614185145,4824.153868188184,5717941664,>132kV*,≤300km,80000,80000
2025-05-17 21:00:00,Megaflex Gen Urban,5717941398,201.6,606.74,3396.5,4260.4751,639.3559162156865,5448.656745264837,5717941664,>132kV*,≤300km,80000,80000
2025-05-17 22:00:00,Megaflex Gen Urban,5717941398,568.32,2082.2,2185.9,3618.275,2158.3661557761693,4227.300886573488,5717941664,>132kV*,≤300km,80000,80000
2025-05-17 23:00:00,Megaflex Gen Urban,5717941398,54.72,217.0,4809.6,5638.9998,223.7929364390217,7411.516100259112,5717941664,>132kV*,≤300km,80000,80000
2025-05-18 00:00:00,Megaflex Gen Urban,5717941398,3.84,96.96,6189.125,5738.8999,97.03600981079137,8440.393375183707,5717941664,>132kV*,≤300km,80000,80000
2025-05-18 01:00:00,Megaflex Gen Urban,5717941398,0.0,0.0,9262.0752,6199.6999,0.0,11145.50653225393,5717941664,>132kV*,≤300km,80000,80000
2025-05-18 02:00:00,Megaflex Gen Urban,5717941398,0.0,0.0,6009.6001,6541.4251,0.0,8882.878795797566,5717941664,>132kV*,≤300km,80000,80000
2025-05-18 03:00:00,Megaflex Gen Urban,5717941398,731.5,1118.375,4716.5,5015.0248,1336.3588180668394,6884.464103662321,5717941664,>132kV*,≤300km,80000,80000
2025-05-18 04:00:00,Megaflex Gen Urban,5717941398,987.86,1535.065,4075.2002,4228.7998,1825.4566370705716,5872.819120197733,5717941664,>132kV*,≤300km,80000,80000
2025-05-18 05:00:00,Megaflex Gen Urban,5717941398,634.56,2060.125,2591.025,4734.7249,2155.6394432337243,5397.316965799305,5717941664,>132kV*,≤300km,80000,80000
2025-05-18 06:00:00,Megaflex Gen Urban,5717941398,467.52,1388.17,2119.6749,4170.2498,1464.7835673914424,4678.034317540867,5717941664,>132kV*,≤300km,80000,80000
2025-05-18 07:00:00,Megaflex Gen Urban,5717941398,1856.6,2491.2,1326.72,1701.125,3106.9343411150485,2157.3159768622213,5717941664,>132kV*,≤300km,80000,80000
2025-05-18 08:00:00,Megaflex Gen Urban,5717941398,2559.375,2980.8,1361.275,2365.45,3928.812674412589,2729.179973568068,5717941664,>132kV*,≤300km,80000,80000
2025-05-18 09:00:00,Megaflex Gen Urban,5717941398,51.865,307.225,3751.6999,6543.3498,311.5721085880442,7542.59098352947,5717941664,>132kV*,≤300km,80000,80000
2025-05-18 10:00:00,Megaflex Gen Urban,5717941398,120.96,419.52,4933.4248,6517.4251,436.6100685966827,8174.075494596625,5717941664,>132kV*,≤300km,80000,80000
2025-05-18 11:00:00,Megaflex Gen Urban,5717941398,86.4,284.16,6313.9253,6265.9248,297.00482420324425,8895.36206644986,5717941664,>132kV*,≤300km,80000,80000
2025-05-18 12:00:00,Megaflex Gen Urban,5717941398,26.88,135.36,5403.8499,5897.3,138.00313039927755,7998.733714265653,5717941664,>132kV*,≤300km,80000,80000
2025-05-18 13:00:00,Megaflex Gen Urban,5717941398,15015.2251,3836.15,1633.93,1803.84,15497.516950343044,2433.8377083322544,5717941664,>132kV*,≤300km,80000,80000
2025-05-18 14:00:00,Megaflex Gen Urban,5717941398,34626.25,5596.8001,0.0,0.0,35075.65196004003,0.0,5717941664,>132kV*,≤300km,80000,80000
2025-05-18 15:00:00,Megaflex Gen Urban,5717941398,33359.0,5634.2251,0.0,0.0,33831.45538515111,0.0,5717941664,>132kV*,≤300km,80000,80000
2025-05-18 16:00:00,Megaflex Gen Urban,5717941398,31940.25,5496.0,0.0,0.0,32409.652668032406,0.0,5717941664,>132kV*,≤300km,80000,80000
2025-05-18 17:00:00,Megaflex Gen Urban,5717941398,34010.75,4861.45,0.0,0.0,34356.437703362084,0.0,5717941664,>132kV*,≤300km,80000,80000
2025-05-18 18:00:00,Megaflex Gen Urban,5717941398,34538.0,5321.2752,0.0,0.0,34945.52065364222,0.0,5717941664,>132kV*,≤300km,80000,80000
2025-05-18 19:00:00,Megaflex Gen Urban,5717941398,33255.25,5351.0498,0.0,0.0,33683.01332310665,0.0,5717941664,>132kV*,≤300km,80000,80000
2025-05-18 20:00:00,Megaflex Gen Urban,5717941398,29536.5,5684.1499,0.0,0.0,30078.470578399927,0.0,5717941664,>132kV*,≤300km,80000,80000
2025-05-18 21:00:00,Megaflex Gen Urban,5717941398,32455.5,5235.8249,0.0,0.0,32875.11737824612,0.0,5717941664,>132kV*,≤300km,80000,80000
2025-05-18 22:00:00,Megaflex Gen Urban,5717941398,27001.75,4964.175,0.0,0.0,27454.28084093854,0.0,5717941664,>132kV*,≤300km,80000,80000
2025-05-18 23:00:00,Megaflex Gen Urban,5717941398,29220.75,5445.125,0.0,0.0,29723.75509299128,0.0,5717941664,>132kV*,≤300km,80000,80000
2025-05-19 00:00:00,Megaflex Gen Urban,5717941398,30557.5,5256.0,0.0,0.0,31006.23070045761,0.0,5717941664,>132kV*,≤300km,80000,80000
2025-05-19 01:00:00,Megaflex Gen Urban,5717941398,30841.0752,5286.7,0.0,0.0,31290.911082645947,0.0,5717941664,>132kV*,≤300km,80000,80000
2025-05-19 02:00:00,Megaflex Gen Urban,5717941398,29239.75,4881.5749,0.0,0.0,29644.438830357543,0.0,5717941664,>132kV*,≤300km,80000,80000
2025-05-19 03:00:00,Megaflex Gen Urban,5717941398,28118.5,5506.575,0.0,0.0,28652.616119311428,0.0,5717941664,>132kV*,≤300km,80000,80000
2025-05-19 04:00:00,Megaflex Gen Urban,5717941398,29362.25,4930.5749,0.0,0.0,29773.348718392594,0.0,5717941664,>132kV*,≤300km,80000,80000
2025-05-19 05:00:00,Megaflex Gen Urban,5717941398,29589.25,5051.5,0.0,0.0,30017.351112523236,0.0,5717941664,>132kV*,≤300km,80000,80000
2025-05-19 06:00:00,Megaflex Gen Urban,5717941398,24808.5,4538.875,0.0,0.0,25220.29061124445,0.0,5717941664,>132kV*,≤300km,80000,80000
2025-05-19 07:00:00,Megaflex Gen Urban,5717941398,25180.75,4776.0249,0.0,0.0,25629.681707112948,0.0,5717941664,>132kV*,≤300km,80000,80000
2025-05-19 08:00:00,Megaflex Gen Urban,5717941398,21897.5,4698.2248,0.0,0.0,22395.843867140506,0.0,5717941664,>132kV*,≤300km,80000,80000
2025-05-19 09:00:00,Megaflex Gen Urban,5717941398,22381.5,5637.125,0.0,0.0,23080.48354163372,0.0,5717941664,>132kV*,≤300km,80000,80000
2025-05-19 10:00:00,Megaflex Gen Urban,5717941398,20597.75,5878.0999,0.0,0.0,21420.069175819204,0.0,5717941664,>132kV*,≤300km,80000,80000
2025-05-19 11:00:00,Megaflex Gen Urban,5717941398,16817.25,5755.1753,0.0,0.0,17774.75570285651,0.0,5717941664,>132kV*,≤300km,80000,80000
2025-05-19 12:00:00,Megaflex Gen Urban,5717941398,22440.75,6423.375,0.0,0.0,23341.958078814318,0.0,5717941664,>132kV*,≤300km,80000,80000
2025-05-19 13:00:00,Megaflex Gen Urban,5717941398,28542.0,6145.8999,0.0,0.0,29196.195806659813,0.0,5717941664,>132kV*,≤300km,80000,80000
2025-05-19 14:00:00,Megaflex Gen Urban,5717941398,32183.75,5287.6999,0.0,0.0,32615.234696303505,0.0,5717941664,>132kV*,≤300km,80000,80000
2025-05-19 15:00:00,Megaflex Gen Urban,5717941398,33188.25,5831.0249,0.0,0.0,33696.59907834795,0.0,5717941664,>132kV*,≤300km,80000,80000
2025-05-19 16:00:00,Megaflex Gen Urban,5717941398,33311.0,5394.25,0.0,0.0,33744.93523571352,0.0,5717941664,>132kV*,≤300km,80000,80000
2025-05-19 17:00:00,Megaflex Gen Urban,5717941398,31540.0,4945.8999,0.0,0.0,31925.43697149375,0.0,5717941664,>132kV*,≤300km,80000,80000
2025-05-19 18:00:00,Megaflex Gen Urban,5717941398,4255.8752,3572.175,2306.8499,2823.35,5556.339437849351,3645.937696070794,5717941664,>132kV*,≤300km,80000,80000
2025-05-19 19:00:00,Megaflex Gen Urban,5717941398,930.24,3754.5501,1413.15,4079.0251,3868.0735400209246,4316.878350026788,5717941664,>132kV*,≤300km,80000,80000
2025-05-19 20:00:00,Megaflex Gen Urban,5717941398,2656.3249,4337.2749,945.6,3000.975,5086.060905310713,3146.428182975896,5717941664,>132kV*,≤300km,80000,80000
2025-05-19 21:00:00,Megaflex Gen Urban,5717941398,515.555,1207.675,3597.1,5593.9001,1313.1168507219759,6650.627544734407,5717941664,>132kV*,≤300km,80000,80000
2025-05-19 22:00:00,Megaflex Gen Urban,5717941398,187.2,537.64,10013.5498,6829.4499,569.2983484957601,12120.749380037938,5717941664,>132kV*,≤300km,80000,80000
2025-05-19 23:00:00,Megaflex Gen Urban,5717941398,26.88,278.4,8051.7251,6934.075,279.69464492549724,10625.99045696894,5717941664,>132kV*,≤300km,80000,80000
2025-05-20 00:00:00,Megaflex Gen Urban,5717941398,247.68,512.64,5260.8,6188.1748,569.3374675884243,8122.162519634475,5717941664,>132kV*,≤300km,80000,80000
2025-05-20 01:00:00,Megaflex Gen Urban,5717941398,1.92,11.52,8687.8398,7009.875,11.67890405817258,11163.194341499615,5717941664,>132kV*,≤300km,80000,80000
2025-05-20 02:00:00,Megaflex Gen Urban,5717941398,0.0,0.0,14414.25,7658.8999,0.0,16322.663714624523,5717941664,>132kV*,≤300km,80000,80000
2025-05-20 03:00:00,Megaflex Gen Urban,5717941398,0.0,0.0,19378.5,7561.9248,0.0,20801.657840923523,5717941664,>132kV*,≤300km,80000,80000
2025-05-20 04:00:00,Megaflex Gen Urban,5717941398,0.0,0.0,18994.75,6288.9497,0.0,20008.783468557755,5717941664,>132kV*,≤300km,80000,80000
2025-05-20 05:00:00,Megaflex Gen Urban,5717941398,0.0,0.0,17592.0,7160.65,0.0,18993.508691721498,5717941664,>132kV*,≤300km,80000,80000
2025-05-20 06:00:00,Megaflex Gen Urban,5717941398,0.0,0.0,13803.75,5693.75,0.0,14931.922284990636,5717941664,>132kV*,≤300km,80000,80000
2025-05-20 07:00:00,Megaflex Gen Urban,5717941398,0.0,0.0,14647.75,6968.6499,0.0,16220.932818160305,5717941664,>132kV*,≤300km,80000,80000
2025-05-20 08:00:00,Megaflex Gen Urban,5717941398,0.0,0.0,16334.5,6928.3,0.0,17743.089672883918,5717941664,>132kV*,≤300km,80000,80000
2025-05-20 09:00:00,Megaflex Gen Urban,5717941398,49991.75,52.8,1950.845,1062.755,49991.77788299292,2221.5409976072915,5717941664,>132kV*,≤300km,80000,80000
2025-05-20 10:00:00,Megaflex Gen Urban,5717941398,50626.75,120.0,0.0,0.0,50626.89221710632,0.0,5717941664,>132kV*,≤300km,80000,80000
2025-05-20 11:00:00,Megaflex Gen Urban,5717941398,47411.5,919.68,0.0,0.0,47420.41905711505,0.0,5717941664,>132kV*,≤300km,80000,80000
2025-05-20 12:00:00,Megaflex Gen Urban,5717941398,47328.0,1592.615,0.0,0.0,47354.78863365589,0.0,5717941664,>132kV*,≤300km,80000,80000
2025-05-20 13:00:00,Megaflex Gen Urban,5717941398,45246.5,1674.265,0.0,0.0,45277.46597967056,0.0,5717941664,>132kV*,≤300km,80000,80000
2025-05-20 14:00:00,Megaflex Gen Urban,5717941398,30076.75,2129.275,0.0,0.0,30152.02650881239,0.0,5717941664,>132kV*,≤300km,80000,80000
2025-05-20 15:00:00,Megaflex Gen Urban,5717941398,5767.0504,3968.625,4007.9751,2057.25,7000.632450483682,4505.1239677416215,5717941664,>132kV*,≤300km,80000,80000
2025-05-20 16:00:00,Megaflex Gen Urban,5717941398,12697.75,5835.8499,326.425,296.67,13974.619820153606,441.0967802251565,5717941664,>132kV*,≤300km,80000,80000
2025-05-20 17:00:00,Megaflex Gen Urban,5717941398,7889.45,3313.93,7831.5,3336.9502,8557.193076435753,8512.792073537334,5717941664,>132kV*,≤300km,80000,80000
2025-05-20 18:00:00,Megaflex Gen Urban,5717941398,0.02,0.0,10556.3252,7016.625,0.02,12675.528711607261,5717941664,>132kV*,≤300km,80000,80000
2025-05-20 19:00:00,Megaflex Gen Urban,5717941398,5475.8252,5282.8501,686.415,1233.625,7608.755929849836,1411.7351709332738,5717941664,>132kV*,≤300km,80000,80000
2025-05-20 20:00:00,Megaflex Gen Urban,5717941398,1638.735,1308.5101,4572.4499,4886.375,2097.0577202421036,6692.0817933312055,5717941664,>132kV*,≤300km,80000,80000
2025-05-20 21:00:00,Megaflex Gen Urban,5717941398,259.2,652.8,5332.8,4889.2749,702.3763093954693,7234.899093129773,5717941664,>132kV*,≤300km,80000,80000
2025-05-20 22:00:00,Megaflex Gen Urban,5717941398,0.0,0.0,13872.75,5256.9751,0.0,14835.396178212432,5717941664,>132kV*,≤300km,80000,80000
2025-05-20 23:00:00,Megaflex Gen Urban,5717941398,5.76,70.08,8209.175,5255.05,70.31631389656314,9747.107503414794,5717941664,>132kV*,≤300km,80000,80000
2025-05-21 00:00:00,Megaflex Gen Urban,5717941398,721.92,1864.3,1301.75,3531.8252,1999.195582328052,3764.085852614821,5717941664,>132kV*,≤300km,80000,80000
2025-05-21 01:00:00,Megaflex Gen Urban,5717941398,469.44,1374.7,3044.175,4832.6499,1452.643797907801,5711.524007355219,5717941664,>132kV*,≤300km,80000,80000
2025-05-21 02:00:00,Megaflex Gen Urban,5717941398,36.48,189.16,6705.6001,5731.2002,192.6455190239316,8821.095648138049,5717941664,>132kV*,≤300km,80000,80000
2025-05-21 03:00:00,Megaflex Gen Urban,5717941398,0.0,0.0,14995.0,6677.7498,0.0,16414.699735036276,5717941664,>132kV*,≤300km,80000,80000
2025-05-21 04:00:00,Megaflex Gen Urban,5717941398,0.0,0.0,16408.25,6020.1501,0.0,17477.78233326614,5717941664,>132kV*,≤300km,80000,80000
2025-05-21 05:00:00,Megaflex Gen Urban,5717941398,0.0,0.0,12751.75,6835.2248,0.0,14468.152132495534,5717941664,>132kV*,≤300km,80000,80000
2025-05-21 06:00:00,Megaflex Gen Urban,5717941398,1.92,32.64,6944.8252,5810.8501,32.69642182257869,9055.19607425621,5717941664,>132kV*,≤300km,80000,80000
2025-05-21 07:00:00,Megaflex Gen Urban,5717941398,85.44,223.68,9032.2251,4488.9751,239.44255260918015,10086.227625107913,5717941664,>132kV*,≤300km,80000,80000
2025-05-21 08:00:00,Megaflex Gen Urban,5717941398,0.0,0.0,10762.75,6085.425,0.0,12364.027862841664,5717941664,>132kV*,≤300km,80000,80000
2025-05-21 09:00:00,Megaflex Gen Urban,5717941398,0.0,0.0,17586.25,7488.975,0.0,19114.416957185094,5717941664,>132kV*,≤300km,80000,80000
2025-05-21 10:00:00,Megaflex Gen Urban,5717941398,0.0,0.0,22467.0,7012.8003,0.0,23536.045909363795,5717941664,>132kV*,≤300km,80000,80000
2025-05-21 11:00:00,Megaflex Gen Urban,5717941398,0.0,0.0,28016.5,7137.6,0.0,28911.409616447276,5717941664,>132kV*,≤300km,80000,80000
2025-05-21 12:00:00,Megaflex Gen Urban,5717941398,0.0,0.0,25171.25,6748.8001,0.0,26060.278765820214,5717941664,>132kV*,≤300km,80000,80000
2025-05-21 13:00:00,Megaflex Gen Urban,5717941398,0.0,0.0,29934.5,7911.375,0.0,30962.30199194861,5717941664,>132kV*,≤300km,80000,80000
2025-05-21 14:00:00,Megaflex Gen Urban,5717941398,0.0,0.0,30774.75,7924.7752,0.0,31778.724007314,5717941664,>132kV*,≤300km,80000,80000
2025-05-21 15:00:00,Megaflex Gen Urban,5717941398,0.0,0.0,23542.25,6552.0,0.0,24436.98506490725,5717941664,>132kV*,≤300km,80000,80000
2025-05-21 16:00:00,Megaflex Gen Urban,5717941398,0.0,0.0,21782.5,6583.6997,0.0,22755.711546549803,5717941664,>132kV*,≤300km,80000,80000
2025-05-21 17:00:00,Megaflex Gen Urban,5717941398,0.0,0.0,19013.75,6116.1499,0.0,19973.231552800113,5717941664,>132kV*,≤300km,80000,80000
2025-05-21 18:00:00,Megaflex Gen Urban,5717941398,0.0,0.0,18278.25,7823.05,0.0,19882.015349682235,5717941664,>132kV*,≤300km,80000,80000
2025-05-21 19:00:00,Megaflex Gen Urban,5717941398,0.0,0.0,17358.75,6648.9497,0.0,18588.56459427758,5717941664,>132kV*,≤300km,80000,80000
2025-05-21 20:00:00,Megaflex Gen Urban,5717941398,0.0,0.0,25236.5,6197.75,0.0,25986.401007305725,5717941664,>132kV*,≤300km,80000,80000
2025-05-21 21:00:00,Megaflex Gen Urban,5717941398,0.0,0.0,26238.75,6699.8501,0.0,27080.620246312123,5717941664,>132kV*,≤300km,80000,80000
2025-05-21 22:00:00,Megaflex Gen Urban,5717941398,0.0,0.0,23423.25,8002.5503,0.0,24752.564551305186,5717941664,>132kV*,≤300km,80000,80000
2025-05-21 23:00:00,Megaflex Gen Urban,5717941398,0.0,0.0,20850.0,7508.175,0.0,22160.66767565059,5717941664,>132kV*,≤300km,80000,80000
2025-05-22 00:00:00,Megaflex Gen Urban,5717941398,0.0,0.0,14806.25,7017.5999,0.0,16385.107488783222,5717941664,>132kV*,≤300km,80000,80000
2025-05-22 01:00:00,Megaflex Gen Urban,5717941398,576.0,1535.0401,2954.925,5341.4251,1639.5499713665363,6104.293886645286,5717941664,>132kV*,≤300km,80000,80000
2025-05-22 02:00:00,Megaflex Gen Urban,5717941398,4807.66,5264.625,672.035,1714.5899,7129.507070353812,1841.5888700812159,5717941664,>132kV*,≤300km,80000,80000
2025-05-22 03:00:00,Megaflex Gen Urban,5717941398,5514.2199,6066.2349,341.76,991.675,8197.916013691165,1048.9133440017815,5717941664,>132kV*,≤300km,80000,80000
2025-05-22 04:00:00,Megaflex Gen Urban,5717941398,8439.375,5629.425,0.0,0.005,10144.6279488826,0.005,5717941664,>132kV*,≤300km,80000,80000
2025-05-22 05:00:00,Megaflex Gen Urban,5717941398,15328.25,6403.2002,0.0,0.0,16611.93007641737,0.0,5717941664,>132kV*,≤300km,80000,80000
2025-05-22 06:00:00,Megaflex Gen Urban,5717941398,14108.75,5712.0,0.0,0.0,15221.161932076671,0.0,5717941664,>132kV*,≤300km,80000,80000
2025-05-22 07:00:00,Megaflex Gen Urban,5717941398,8840.125,4647.375,0.0,0.0,9987.287139471358,0.0,5717941664,>132kV*,≤300km,80000,80000
2025-05-22 08:00:00,Megaflex Gen Urban,5717941398,2009.275,4330.55,943.65,1882.5251,4773.976259694324,2105.7958292840285,5717941664,>132kV*,≤300km,80000,80000
2025-05-22 09:00:00,Megaflex Gen Urban,5717941398,1996.785,2497.9,3450.25,3618.2752,3197.9141242730393,4999.614033646501,5717941664,>132kV*,≤300km,80000,80000
2025-05-22 10:00:00,Megaflex Gen Urban,5717941398,144.99,499.225,8287.6748,6700.7749,519.8535377632819,10657.670376354537,5717941664,>132kV*,≤300km,80000,80000
2025-05-22 11:00:00,Megaflex Gen Urban,5717941398,0.0,0.01,12139.0,6942.7251,0.01,13984.160783335195,5717941664,>132kV*,≤300km,80000,80000
2025-05-22 12:00:00,Megaflex Gen Urban,5717941398,0.0,0.0,12921.5,7045.45,0.0,14717.456572128895,5717941664,>132kV*,≤300km,80000,80000
2025-05-22 13:00:00,Megaflex Gen Urban,5717941398,0.0,0.0,12240.0,6543.3501,0.0,13879.23018510645,5717941664,>132kV*,≤300km,80000,80000
2025-05-22 14:00:00,Megaflex Gen Urban,5717941398,0.0,0.0,9843.9751,5624.6501,0.0,11337.571808674466,5717941664,>132kV*,≤300km,80000,80000
2025-05-22 15:00:00,Megaflex Gen Urban,5717941398,389.76,981.095,7421.9248,4704.9502,1055.6799972647962,8787.577830172264,5717941664,>132kV*,≤300km,80000,80000
2025-05-22 16:00:00,Megaflex Gen Urban,5717941398,183.36,271.705,6420.5,4944.9751,327.78727343354865,8104.048308692391,5717941664,>132kV*,≤300km,80000,80000
2025-05-22 17:00:00,Megaflex Gen Urban,5717941398,244.8,678.72,5248.3,4364.1499,721.517760280369,6825.720272591751,5717941664,>132kV*,≤300km,80000,80000
2025-05-22 18:00:00,Megaflex Gen Urban,5717941398,155.52,360.96,11112.8252,5985.5749,393.0376470517805,12622.281521550096,5717941664,>132kV*,≤300km,80000,80000
2025-05-22 19:00:00,Megaflex Gen Urban,5717941398,0.0,0.0,10222.2251,6086.425,0.0,11896.993539365105,5717941664,>132kV*,≤300km,80000,80000
2025-05-22 20:00:00,Megaflex Gen Urban,5717941398,0.0,0.0,13782.5,5726.3999,0.0,14924.776784418587,5717941664,>132kV*,≤300km,80000,80000
2025-05-22 21:00:00,Megaflex Gen Urban,5717941398,0.0,0.0,16273.75,5055.3501,0.0,17040.877433279955,5717941664,>132kV*,≤300km,80000,80000
2025-05-22 22:00:00,Megaflex Gen Urban,5717941398,0.0,0.0,13361.5,5526.7248,0.0,14459.404180841444,5717941664,>132kV*,≤300km,80000,80000
2025-05-22 23:00:00,Megaflex Gen Urban,5717941398,0.0,0.0,11747.25,5497.9253,0.0,12970.160568276713,5717941664,>132kV*,≤300km,80000,80000
2025-05-23 00:00:00,Megaflex Gen Urban,5717941398,0.0,0.0,14154.5,5769.6001,0.0,15285.22670960166,5717941664,>132kV*,≤300km,80000,80000
2025-05-23 01:00:00,Megaflex Gen Urban,5717941398,0.0,0.0,13760.6001,5542.0651,0.0,14834.709322556948,5717941664,>132kV*,≤300km,80000,80000
2025-05-23 02:00:00,Megaflex Gen Urban,5717941398,0.0,0.0,14904.0,5836.8001,0.0,16006.169167148022,5717941664,>132kV*,≤300km,80000,80000
2025-05-23 03:00:00,Megaflex Gen Urban,5717941398,0.0,0.0,15915.75,6299.5249,0.0,17117.099988847993,5717941664,>132kV*,≤300km,80000,80000
2025-05-23 04:00:00,Megaflex Gen Urban,5717941398,1053.1001,888.95,6326.6749,4390.0752,1378.1334924890295,7700.621763984065,5717941664,>132kV*,≤300km,80000,80000
2025-05-23 05:00:00,Megaflex Gen Urban,5717941398,2165.74,3398.375,1760.675,2960.65,4029.8117062990673,3444.622603149001,5717941664,>132kV*,≤300km,80000,80000
2025-05-23 06:00:00,Megaflex Gen Urban,5717941398,6062.4246,3572.175,1707.84,2256.01,7036.577737885809,2829.5403488375987,5717941664,>132kV*,≤300km,80000,80000
2025-05-23 07:00:00,Megaflex Gen Urban,5717941398,11245.1748,5036.175,15.36,44.16,12321.404745936237,46.755055341641935,5717941664,>132kV*,≤300km,80000,80000
2025-05-23 08:00:00,Megaflex Gen Urban,5717941398,2423.3,3877.425,1627.2,2663.9751,4572.396255862455,3121.625085339367,5717941664,>132kV*,≤300km,80000,80000
2025-05-23 09:00:00,Megaflex Gen Urban,5717941398,983.06,1825.925,2815.65,5088.0,2073.7427683357932,5815.120714353228,5717941664,>132kV*,≤300km,80000,80000
2025-05-23 10:00:00,Megaflex Gen Urban,5717941398,1889.25,2957.775,2873.275,3437.75,3509.6578911804213,4480.383274690347,5717941664,>132kV*,≤300km,80000,80000
2025-05-23 11:00:00,Megaflex Gen Urban,5717941398,488.67,776.64,7248.0249,6023.05,917.5881747821295,9423.958629658771,5717941664,>132kV*,≤300km,80000,80000
2025-05-23 12:00:00,Megaflex Gen Urban,5717941398,78.72,283.2,9305.8252,5948.1753,293.9372014563655,11044.418140059943,5717941664,>132kV*,≤300km,80000,80000
2025-05-23 13:00:00,Megaflex Gen Urban,5717941398,1339.185,1044.46,5890.0,5167.6749,1698.326575139481,7835.6214732521385,5717941664,>132kV*,≤300km,80000,80000
2025-05-23 14:00:00,Megaflex Gen Urban,5717941398,3028.7999,2902.0749,1751.05,1964.15,4194.719008402115,2631.361116418649,5717941664,>132kV*,≤300km,80000,80000
2025-05-23 15:00:00,Megaflex Gen Urban,5717941398,2151.375,1883.525,2622.7249,2864.625,2859.384691896143,3883.910695639771,5717941664,>132kV*,≤300km,80000,80000
2025-05-23 16:00:00,Megaflex Gen Urban,5717941398,1018.56,1648.325,4232.625,3108.5,1937.6376800694707,5251.4651898898655,5717941664,>132kV*,≤300km,80000,80000
2025-05-23 17:00:00,Megaflex Gen Urban,5717941398,2515.175,3860.15,922.585,1709.775,4607.262018067238,1942.805608610908,5717941664,>132kV*,≤300km,80000,80000
2025-05-23 18:00:00,Megaflex Gen Urban,5717941398,6712.3252,5653.4502,189.12,1122.2451,8775.922102801225,1138.0687320518082,5717941664,>132kV*,≤300km,80000,80000
2025-05-23 19:00:00,Megaflex Gen Urban,5717941398,5304.9502,4320.0,925.43,1267.175,6841.4104265480255,1569.1249681032418,5717941664,>132kV*,≤300km,80000,80000
2025-05-23 20:00:00,Megaflex Gen Urban,5717941398,7819.2251,5343.3498,906.25,821.785,9470.568528321308,1223.3640703915576,5717941664,>132kV*,≤300km,80000,80000
2025-05-23 21:00:00,Megaflex Gen Urban,5717941398,11001.3,5339.5251,19.2,107.52,12228.619299967188,109.2208331775582,5717941664,>132kV*,≤300km,80000,80000
2025-05-23 22:00:00,Megaflex Gen Urban,5717941398,13651.25,5356.7998,47.04,451.2,14664.649012498732,453.64545803964575,5717941664,>132kV*,≤300km,80000,80000
2025-05-23 23:00:00,Megaflex Gen Urban,5717941398,10237.4248,6072.95,0.0,0.0,11903.175552689923,0.0,5717941664,>132kV*,≤300km,80000,80000
2025-05-24 00:00:00,Megaflex Gen Urban,5717941398,4395.125,5376.0002,208.32,1019.52,6943.954342881659,1040.5855336299846,5717941664,>132kV*,≤300km,80000,80000
2025-05-24 01:00:00,Megaflex Gen Urban,5717941398,6370.5498,5928.9648,289.92,895.65,8702.673632506225,941.4045511362265,5717941664,>132kV*,≤300km,80000,80000
2025-05-24 02:00:00,Megaflex Gen Urban,5717941398,6880.3247,6782.375,70.08,398.43,9661.235874258276,404.54625359778083,5717941664,>132kV*,≤300km,80000,80000
2025-05-24 03:00:00,Megaflex Gen Urban,5717941398,2649.6,4200.025,1220.15,2655.35,4965.94302833057,2922.267894119223,5717941664,>132kV*,≤300km,80000,80000
2025-05-24 04:00:00,Megaflex Gen Urban,5717941398,308.175,1469.75,5512.3,5023.6751,1501.7113215012398,7458.066961375449,5717941664,>132kV*,≤300km,80000,80000
2025-05-24 05:00:00,Megaflex Gen Urban,5717941398,49.92,294.745,8401.6499,6072.9502,298.9425052163041,10366.698856137862,5717941664,>132kV*,≤300km,80000,80000
2025-05-24 06:00:00,Megaflex Gen Urban,5717941398,96.96,180.48,7365.4001,4655.0501,204.87623581079382,8713.12860381333,5717941664,>132kV*,≤300km,80000,80000
2025-05-24 07:00:00,Megaflex Gen Urban,5717941398,982.05,1309.405,5425.9248,3711.375,1636.7540000027493,6573.808966336034,5717941664,>132kV*,≤300km,80000,80000
2025-05-24 08:00:00,Megaflex Gen Urban,5717941398,574.11,1290.25,7616.6499,4745.25,1412.2136363171119,8973.892871082762,5717941664,>132kV*,≤300km,80000,80000
2025-05-24 09:00:00,Megaflex Gen Urban,5717941398,1321.92,2278.1,2692.7999,3796.7999,2633.858784445362,4654.7675325498285,5717941664,>132kV*,≤300km,80000,80000
2025-05-24 10:00:00,Megaflex Gen Urban,5717941398,1089.58,1982.4,4052.1501,4028.175,2262.0995416647784,5713.677822869873,5717941664,>132kV*,≤300km,80000,80000
2025-05-24 11:00:00,Megaflex Gen Urban,5717941398,283.22,808.325,6533.7498,5793.6001,856.5062019769617,8732.450318651692,5717941664,>132kV*,≤300km,80000,80000
2025-05-24 12:00:00,Megaflex Gen Urban,5717941398,731.52,1824.9601,7433.05,4882.5501,1966.113139417976,8893.229322440191,5717941664,>132kV*,≤300km,80000,80000
2025-05-24 13:00:00,Megaflex Gen Urban,5717941398,998.4,1105.9,11679.575,5035.1998,1489.9051546994526,12718.71491961924,5717941664,>132kV*,≤300km,80000,80000
2025-05-24 14:00:00,Megaflex Gen Urban,5717941398,2097.5751,2289.6,2766.75,3383.05,3105.171405919488,4370.3469959489485,5717941664,>132kV*,≤300km,80000,80000
2025-05-24 15:00:00,Megaflex Gen Urban,5717941398,783.385,1559.025,3392.625,3990.7002,1744.7782119369786,5237.899624554201,5717941664,>132kV*,≤300km,80000,80000
2025-05-24 16:00:00,Megaflex Gen Urban,5717941398,308.16,1128.995,4824.975,4515.85,1170.2958154351402,6608.576622323828,5717941664,>132kV*,≤300km,80000,80000
2025-05-24 17:00:00,Megaflex Gen Urban,5717941398,2224.3001,2760.925,1888.3001,2845.45,3545.45029445979,3415.00555931612,5717941664,>132kV*,≤300km,80000,80000
2025-05-24 18:00:00,Megaflex Gen Urban,5717941398,2903.05,4642.575,1149.15,2579.5,5475.509285274293,2823.8919902326293,5717941664,>132kV*,≤300km,80000,80000
2025-05-24 19:00:00,Megaflex Gen Urban,5717941398,2909.7501,3384.0002,1503.36,3394.5751,4462.97019909948,3712.5774603555424,5717941664,>132kV*,≤300km,80000,80000
2025-05-24 20:00:00,Megaflex Gen Urban,5717941398,4513.9248,3700.7998,1249.905,2092.7999,5837.0742893794895,2437.636956247794,5717941664,>132kV*,≤300km,80000,80000
2025-05-24 21:00:00,Megaflex Gen Urban,5717941398,1704.96,1620.475,3792.95,3357.125,2352.196383643381,5065.250040039979,5717941664,>132kV*,≤300km,80000,80000
2025-05-24 22:00:00,Megaflex Gen Urban,5717941398,263.055,552.985,6786.25,5883.825,612.3645509416756,8981.79189767415,5717941664,>132kV*,≤300km,80000,80000
2025-05-24 23:00:00,Megaflex Gen Urban,5717941398,1301.76,1506.24,4124.1498,4806.7248,1990.813410443078,6333.499417839642,5717941664,>132kV*,≤300km,80000,80000
2025-05-25 00:00:00,Megaflex Gen Urban,5717941398,2230.9949,2558.3549,4293.145,4148.1652,3394.4834714842873,5969.787979276655,5717941664,>132kV*,≤300km,80000,80000
2025-05-25 01:00:00,Megaflex Gen Urban,5717941398,30.75,174.75,7377.5747,6577.9002,177.43484719749952,9884.198475103589,5717941664,>132kV*,≤300km,80000,80000
2025-05-25 02:00:00,Megaflex Gen Urban,5717941398,1548.45,2976.95,2520.975,3633.5999,3355.581723785013,4422.483825171666,5717941664,>132kV*,≤300km,80000,80000
2025-05-25 03:00:00,Megaflex Gen Urban,5717941398,2218.55,2651.5249,1718.4,3260.1749,3457.245782095917,3685.327521210294,5717941664,>132kV*,≤300km,80000,80000
2025-05-25 04:00:00,Megaflex Gen Urban,5717941398,879.37,1806.7,4828.8003,4466.875,2009.3423020729942,6578.015247998828,5717941664,>132kV*,≤300km,80000,80000
2025-05-25 05:00:00,Megaflex Gen Urban,5717941398,475.23,1036.825,5597.75,5588.1499,1140.5479531896062,7909.628585930569,5717941664,>132kV*,≤300km,80000,80000
2025-05-25 06:00:00,Megaflex Gen Urban,5717941398,697.92,1106.875,3377.2751,3670.0751,1308.5352849751512,4987.528279691256,5717941664,>132kV*,≤300km,80000,80000
2025-05-25 07:00:00,Megaflex Gen Urban,5717941398,4708.7752,5230.05,1240.3349,1610.89,7037.470205026451,2033.0758117340363,5717941664,>132kV*,≤300km,80000,80000
2025-05-25 08:00:00,Megaflex Gen Urban,5717941398,5163.8446,3552.0249,2530.57,2373.1351,6267.549117730883,3469.2297023621845,5717941664,>132kV*,≤300km,80000,80000
2025-05-25 09:00:00,Megaflex Gen Urban,5717941398,5382.7,4430.375,85.44,455.04,6971.490653413013,462.99178740016544,5717941664,>132kV*,≤300km,80000,80000
2025-05-25 10:00:00,Megaflex Gen Urban,5717941398,6977.2998,5712.0251,43.2,220.8,9017.202628426958,224.98639958895293,5717941664,>132kV*,≤300km,80000,80000
2025-05-25 11:00:00,Megaflex Gen Urban,5717941398,5670.7249,5307.8501,188.16,796.8,7767.264227226342,818.7151064930949,5717941664,>132kV*,≤300km,80000,80000
2025-05-25 12:00:00,Megaflex Gen Urban,5717941398,538.56,1151.04,5232.9499,5502.7,1270.8028781837095,7593.646814667509,5717941664,>132kV*,≤300km,80000,80000
2025-05-25 13:00:00,Megaflex Gen Urban,5717941398,606.735,1272.0,11489.0249,4630.075,1409.2946321564557,12386.899840494596,5717941664,>132kV*,≤300km,80000,80000
2025-05-25 14:00:00,Megaflex Gen Urban,5717941398,0.0,0.0,19828.75,5788.8,0.0,20656.46465401328,5717941664,>132kV*,≤300km,80000,80000
2025-05-25 15:00:00,Megaflex Gen Urban,5717941398,161.28,307.2,10551.2251,4630.0999,346.9626469809106,11522.42058748291,5717941664,>132kV*,≤300km,80000,80000
2025-05-25 16:00:00,Megaflex Gen Urban,5717941398,211.2,745.9,9059.9502,4965.1001,775.2239998864843,10331.259198640795,5717941664,>132kV*,≤300km,80000,80000
2025-05-25 17:00:00,Megaflex Gen Urban,5717941398,449.28,1022.39,3979.2,4843.2248,1116.7514631734314,6268.242106311389,5717941664,>132kV*,≤300km,80000,80000
2025-05-25 18:00:00,Megaflex Gen Urban,5717941398,192.0,614.395,4985.2751,6104.6248,643.6965247886616,7881.586881552156,5717941664,>132kV*,≤300km,80000,80000
2025-05-25 19:00:00,Megaflex Gen Urban,5717941398,241.92,641.315,11538.8999,5798.3999,685.4270315832314,12913.85505194092,5717941664,>132kV*,≤300km,80000,80000
2025-05-25 20:00:00,Megaflex Gen Urban,5717941398,0.0,0.0,18884.25,6418.5498,0.0,19945.24202905495,5717941664,>132kV*,≤300km,80000,80000
2025-05-25 21:00:00,Megaflex Gen Urban,5717941398,0.0,0.0,22794.25,6020.1499,0.0,23575.835889337413,5717941664,>132kV*,≤300km,80000,80000
2025-05-25 22:00:00,Megaflex Gen Urban,5717941398,0.0,0.0,17374.0,6099.85,0.0,18413.691808610787,5717941664,>132kV*,≤300km,80000,80000
2025-05-25 23:00:00,Megaflex Gen Urban,5717941398,0.0,0.0,14907.75,5648.6502,0.0,15942.028075011662,5717941664,>132kV*,≤300km,80000,80000
2025-05-26 00:00:00,Megaflex Gen Urban,5717941398,0.0,0.0,12922.9248,6040.325,0.0,14264.904888995232,5717941664,>132kV*,≤300km,80000,80000
2025-05-26 01:00:00,Megaflex Gen Urban,5717941398,0.0,0.0,16398.5249,5937.59,0.0,17440.37252767326,5717941664,>132kV*,≤300km,80000,80000
2025-05-26 02:00:00,Megaflex Gen Urban,5717941398,0.0,0.0,17842.5,6216.9749,0.0,18894.591373121304,5717941664,>132kV*,≤300km,80000,80000
2025-05-26 03:00:00,Megaflex Gen Urban,5717941398,0.0,0.0,19108.75,6310.0501,0.0,20123.644273018992,5717941664,>132kV*,≤300km,80000,80000
2025-05-26 04:00:00,Megaflex Gen Urban,5717941398,0.0,0.0,18236.25,5611.2002,0.0,19079.99952167138,5717941664,>132kV*,≤300km,80000,80000
2025-05-26 05:00:00,Megaflex Gen Urban,5717941398,0.0,0.0,13047.5,6792.9749,0.0,14709.920606244958,5717941664,>132kV*,≤300km,80000,80000
2025-05-26 06:00:00,Megaflex Gen Urban,5717941398,0.0,0.0,11830.0,6842.875,0.0,13666.522537413275,5717941664,>132kV*,≤300km,80000,80000
2025-05-26 07:00:00,Megaflex Gen Urban,5717941398,0.0,0.0,13816.25,6034.5747,0.0,15076.63277633239,5717941664,>132kV*,≤300km,80000,80000
2025-05-26 08:00:00,Megaflex Gen Urban,5717941398,0.0,0.0,12092.0,6038.3999,0.0,13515.869833359598,5717941664,>132kV*,≤300km,80000,80000
2025-05-26 09:00:00,Megaflex Gen Urban,5717941398,0.0,0.0,11949.25,6357.1248,0.0,13535.0512110326,5717941664,>132kV*,≤300km,80000,80000
2025-05-26 10:00:00,Megaflex Gen Urban,5717941398,46.08,224.64,11455.9248,5705.2749,229.31745681478327,12797.983228142826,5717941664,>132kV*,≤300km,80000,80000
2025-05-26 11:00:00,Megaflex Gen Urban,5717941398,0.96,5.76,6161.3001,4810.5503,5.83945202908629,7816.841632724186,5717941664,>132kV*,≤300km,80000,80000
2025-05-26 12:00:00,Megaflex Gen Urban,5717941398,670.08,1112.64,3956.15,4124.1499,1298.8360081241974,5714.869659070976,5717941664,>132kV*,≤300km,80000,80000
2025-05-26 13:00:00,Megaflex Gen Urban,5717941398,21.12,135.36,9108.4751,6495.3752,136.99775180637093,11187.234583939637,5717941664,>132kV*,≤300km,80000,80000
2025-05-26 14:00:00,Megaflex Gen Urban,5717941398,0.0,0.0,15658.25,6388.7998,0.0,16911.46226519103,5717941664,>132kV*,≤300km,80000,80000
2025-05-26 15:00:00,Megaflex Gen Urban,5717941398,0.0,0.0,15258.5,4944.9499,0.0,16039.774055874666,5717941664,>132kV*,≤300km,80000,80000
2025-05-26 16:00:00,Megaflex Gen Urban,5717941398,0.0,0.0,17296.25,5693.75,0.0,18209.312263921445,5717941664,>132kV*,≤300km,80000,80000
2025-05-26 17:00:00,Megaflex Gen Urban,5717941398,188.16,410.88,9221.875,5797.4499,451.91432816408906,10892.81432223257,5717941664,>132kV*,≤300km,80000,80000
2025-05-26 18:00:00,Megaflex Gen Urban,5717941398,0.0,0.0,11261.5249,6428.1753,0.0,12967.011250124298,5717941664,>132kV*,≤300km,80000,80000
2025-05-26 19:00:00,Megaflex Gen Urban,5717941398,77.76,303.36,8578.7998,5904.95,313.16753854765983,10414.616676142241,5717941664,>132kV*,≤300km,80000,80000
2025-05-26 20:00:00,Megaflex Gen Urban,5717941398,574.08,1224.96,4525.4497,4400.6499,1352.8099822221893,6312.322435490769,5717941664,>132kV*,≤300km,80000,80000
2025-05-26 21:00:00,Megaflex Gen Urban,5717941398,184.32,548.16,6539.5249,5015.0249,578.3193304740902,8241.10797559042,5717941664,>132kV*,≤300km,80000,80000
2025-05-26 22:00:00,Megaflex Gen Urban,5717941398,232.32,790.08,6145.9001,5856.9751,823.5283776531322,8489.772986434915,5717941664,>132kV*,≤300km,80000,80000
2025-05-26 23:00:00,Megaflex Gen Urban,5717941398,17.28,146.88,7389.125,6592.3252,147.89297752090866,9902.419896579828,5717941664,>132kV*,≤300km,80000,80000
2025-05-27 00:00:00,Megaflex Gen Urban,5717941398,28.8,176.64,4942.075,6549.1001,178.97242692660788,8204.560769806329,5717941664,>132kV*,≤300km,80000,80000
2025-05-27 01:00:00,Megaflex Gen Urban,5717941398,158.4,328.32,7399.6748,6611.525,364.5333762496927,9923.07663839094,5717941664,>132kV*,≤300km,80000,80000
2025-05-27 02:00:00,Megaflex Gen Urban,5717941398,0.0,0.0,9328.3252,6463.675,0.0,11348.86538569297,5717941664,>132kV*,≤300km,80000,80000
2025-05-27 03:00:00,Megaflex Gen Urban,5717941398,24.96,123.84,8784.0,4744.3003,126.33030990225583,9983.338186026762,5717941664,>132kV*,≤300km,80000,80000
2025-05-27 04:00:00,Megaflex Gen Urban,5717941398,94.08,450.24,5382.7251,4015.7002,459.9642420884476,6715.621907050013,5717941664,>132kV*,≤300km,80000,80000
2025-05-27 05:00:00,Megaflex Gen Urban,5717941398,942.715,1992.9501,2518.075,4731.8251,2204.6681546924497,5360.118513859093,5717941664,>132kV*,≤300km,80000,80000
2025-05-27 06:00:00,Megaflex Gen Urban,5717941398,1521.575,3124.775,1794.25,2819.525,3475.544458246794,3342.0135080703967,5717941664,>132kV*,≤300km,80000,80000
2025-05-27 07:00:00,Megaflex Gen Urban,5717941398,1467.87,2051.5551,3844.7848,3099.825,2522.601963298215,4938.75340434568,5717941664,>132kV*,≤300km,80000,80000
2025-05-27 08:00:00,Megaflex Gen Urban,5717941398,0.0,0.0,13761.25,7625.3,0.0,15732.67941745779,5717941664,>132kV*,≤300km,80000,80000
2025-05-27 09:00:00,Megaflex Gen Urban,5717941398,270.72,804.48,5658.5999,6489.5996,848.8093948584689,8610.14841896469,5717941664,>132kV*,≤300km,80000,80000
2025-05-27 10:00:00,Megaflex Gen Urban,5717941398,1529.26,2711.9999,2499.855,3757.425,3113.451397597208,4513.038627316412,5717941664,>132kV*,≤300km,80000,80000
2025-05-27 11:00:00,Megaflex Gen Urban,5717941398,1399.675,2537.275,2044.8,4047.375,2897.7326535155034,4534.5839313684555,5717941664,>132kV*,≤300km,80000,80000
2025-05-27 12:00:00,Megaflex Gen Urban,5717941398,2295.35,4386.2249,984.0,2146.55,4950.515174795449,2361.3413354489862,5717941664,>132kV*,≤300km,80000,80000
2025-05-27 13:00:00,Megaflex Gen Urban,5717941398,1643.525,2499.85,2663.025,4755.8501,2991.7259981697857,5450.670814156273,5717941664,>132kV*,≤300km,80000,80000
2025-05-27 14:00:00,Megaflex Gen Urban,5717941398,359.07,954.25,7435.875,6505.8999,1019.5706583655691,9880.231299136929,5717941664,>132kV*,≤300km,80000,80000
2025-05-27 15:00:00,Megaflex Gen Urban,5717941398,1315.1799,1876.77,4567.95,4428.5,2291.7163441979487,6362.214980060011,5717941664,>132kV*,≤300km,80000,80000
2025-05-27 16:00:00,Megaflex Gen Urban,5717941398,996.47,1610.9,2490.25,3720.9499,1894.1888160634887,4477.366773094428,5717941664,>132kV*,≤300km,80000,80000
2025-05-27 17:00:00,Megaflex Gen Urban,5717941398,2866.575,3212.15,2128.325,2773.45,4305.247943280967,3495.9679930063717,5717941664,>132kV*,≤300km,80000,80000
2025-05-27 18:00:00,Megaflex Gen Urban,5717941398,572.135,1322.86,3617.275,5784.9499,1441.2831220218322,6822.77976862327,5717941664,>132kV*,≤300km,80000,80000
2025-05-27 19:00:00,Megaflex Gen Urban,5717941398,2335.7,2736.0,1915.2,2868.475,3597.38661947809,3449.078118225941,5717941664,>132kV*,≤300km,80000,80000
2025-05-27 20:00:00,Megaflex Gen Urban,5717941398,144.02,415.72,6752.6501,5470.0999,439.96008773523994,8690.240289486248,5717941664,>132kV*,≤300km,80000,80000
2025-05-27 21:00:00,Megaflex Gen Urban,5717941398,310.08,1074.215,4084.7751,5056.2998,1118.0731070126853,6500.119636211325,5717941664,>132kV*,≤300km,80000,80000
2025-05-27 22:00:00,Megaflex Gen Urban,5717941398,49.92,321.625,6761.3003,7055.0498,325.47603141398906,9771.842683304933,5717941664,>132kV*,≤300km,80000,80000
2025-05-27 23:00:00,Megaflex Gen Urban,5717941398,168.96,456.0,5095.675,6408.0,486.2956730220823,8187.085421908397,5717941664,>132kV*,≤300km,80000,80000
2025-05-28 00:00:00,Megaflex Gen Urban,5717941398,606.72,1270.05,5014.0999,4583.0498,1407.5283872448185,6793.05110215285,5717941664,>132kV*,≤300km,80000,80000
2025-05-28 01:00:00,Megaflex Gen Urban,5717941398,889.92,1296.03,3912.9249,4229.75,1572.1486466934352,5762.097390320647,5717941664,>132kV*,≤300km,80000,80000
2025-05-28 02:00:00,Megaflex Gen Urban,5717941398,299.52,1205.76,3984.0252,4178.85,1242.4046876923799,5773.668168221572,5717941664,>132kV*,≤300km,80000,80000
2025-05-28 03:00:00,Megaflex Gen Urban,5717941398,218.88,341.76,7559.0249,5007.375,405.8427675837035,9067.119819956335,5717941664,>132kV*,≤300km,80000,80000
2025-05-28 04:00:00,Megaflex Gen Urban,5717941398,1855.6751,2135.025,3479.0501,3880.3,2828.756233291411,5211.575355716352,5717941664,>132kV*,≤300km,80000,80000
2025-05-28 05:00:00,Megaflex Gen Urban,5717941398,2011.205,2978.875,3359.975,4145.2998,3594.2512179381674,5336.004350870137,5717941664,>132kV*,≤300km,80000,80000
2025-05-28 06:00:00,Megaflex Gen Urban,5717941398,1264.31,2817.6001,2657.3149,3086.4,3088.2600440409824,4072.7370941127556,5717941664,>132kV*,≤300km,80000,80000
2025-05-28 07:00:00,Megaflex Gen Urban,5717941398,1206.705,2193.6,2510.375,4666.55,2503.600989979234,5298.931169879922,5717941664,>132kV*,≤300km,80000,80000
2025-05-28 08:00:00,Megaflex Gen Urban,5717941398,2757.125,3378.2251,4012.8,3508.8,4360.5209656525,5330.501034612037,5717941664,>132kV*,≤300km,80000,80000
2025-05-28 09:00:00,Megaflex Gen Urban,5717941398,5220.4749,4327.7002,1441.945,2011.2,6781.028476758526,2474.6981276561796,5717941664,>132kV*,≤300km,80000,80000
2025-05-28 10:00:00,Megaflex Gen Urban,5717941398,2097.6,2867.525,3143.0,3750.725,3552.8334306050715,4893.504575008079,5717941664,>132kV*,≤300km,80000,80000
2025-05-28 11:00:00,Megaflex Gen Urban,5717941398,1452.49,3530.875,3958.1201,4140.4749,3817.958284963968,5728.022968141278,5717941664,>132kV*,≤300km,80000,80000
2025-05-28 12:00:00,Megaflex Gen Urban,5717941398,1671.35,3392.625,1570.53,3582.725,3781.97239719237,3911.838813975469,5717941664,>132kV*,≤300km,80000,80000
2025-05-28 13:00:00,Megaflex Gen Urban,5717941398,4180.8,4456.325,847.71,1305.62,6110.476343594253,1556.6810297874129,5717941664,>132kV*,≤300km,80000,80000
2025-05-28 14:00:00,Megaflex Gen Urban,5717941398,3636.505,3273.6249,2095.665,2386.5501,4892.932515468102,3176.071972111937,5717941664,>132kV*,≤300km,80000,80000
2025-05-28 15:00:00,Megaflex Gen Urban,5717941398,1363.17,2268.475,2095.695,2884.8,2646.54704747998,3565.670844739458,5717941664,>132kV*,≤300km,80000,80000
2025-05-28 16:00:00,Megaflex Gen Urban,5717941398,3487.6999,2542.08,1935.34,3184.3002,4315.810621292368,3726.299596022848,5717941664,>132kV*,≤300km,80000,80000
2025-05-28 17:00:00,Megaflex Gen Urban,5717941398,873.61,1147.175,4714.575,4838.4002,1441.9448369216486,6755.540979520814,5717941664,>132kV*,≤300km,80000,80000
2025-05-28 18:00:00,Megaflex Gen Urban,5717941398,288.96,1059.855,4360.325,6446.3999,1098.5401688718532,7782.57706523649,5717941664,>132kV*,≤300km,80000,80000
2025-05-28 19:00:00,Megaflex Gen Urban,5717941398,885.095,1539.85,2718.7001,3641.3,1776.099991983841,4544.270670166998,5717941664,>132kV*,≤300km,80000,80000
2025-05-28 20:00:00,Megaflex Gen Urban,5717941398,238.105,414.725,7655.05,5698.55,478.2162864750635,9543.231245495417,5717941664,>132kV*,≤300km,80000,80000
2025-05-28 21:00:00,Megaflex Gen Urban,5717941398,987.84,1760.625,3671.05,4324.7998,2018.8185297903822,5672.786036206551,5717941664,>132kV*,≤300km,80000,80000
2025-05-28 22:00:00,Megaflex Gen Urban,5717941398,691.185,2300.15,2804.15,4977.5999,2401.754926449616,5713.121562419271,5717941664,>132kV*,≤300km,80000,80000
2025-05-28 23:00:00,Megaflex Gen Urban,5717941398,846.735,1664.665,4618.55,4318.075,1867.6374708304609,6322.719020178344,5717941664,>132kV*,≤300km,80000,80000
2025-05-29 00:00:00,Megaflex Gen Urban,5717941398,1545.595,2126.37,2825.2999,3816.005,2628.747473783855,4748.074734559789,5717941664,>132kV*,≤300km,80000,80000
2025-05-29 01:00:00,Megaflex Gen Urban,5717941398,1632.94,2399.9951,2800.3199,3820.7999,2902.8381841956,4737.119738636128,5717941664,>132kV*,≤300km,80000,80000
2025-05-29 02:00:00,Megaflex Gen Urban,5717941398,2737.9251,3920.6251,1679.02,2503.675,4782.001153069708,3014.5475060156214,5717941664,>132kV*,≤300km,80000,80000
2025-05-29 03:00:00,Megaflex Gen Urban,5717941398,1632.0,2390.4001,3592.3,3701.75,2894.380182021707,5158.2528391404,5717941664,>132kV*,≤300km,80000,80000
2025-05-29 04:00:00,Megaflex Gen Urban,5717941398,2456.65,2448.0,3069.125,3651.8501,3468.116667948182,4770.2764509507215,5717941664,>132kV*,≤300km,80000,80000
2025-05-29 05:00:00,Megaflex Gen Urban,5717941398,4182.7249,3353.3,1306.595,2796.5,5360.952198917652,3086.6815099755595,5717941664,>132kV*,≤300km,80000,80000
2025-05-29 06:00:00,Megaflex Gen Urban,5717941398,8348.1504,6075.8001,38.4,286.085,10325.064743437699,288.65063177654747,5717941664,>132kV*,≤300km,80000,80000
2025-05-29 07:00:00,Megaflex Gen Urban,5717941398,4700.1499,5310.7249,1319.0,2861.725,7091.911452207369,3151.0682277007268,5717941664,>132kV*,≤300km,80000,80000
2025-05-29 08:00:00,Megaflex Gen Urban,5717941398,7813.4502,6758.4248,93.16,552.035,10330.842647390147,559.8405369611958,5717941664,>132kV*,≤300km,80000,80000
2025-05-29 09:00:00,Megaflex Gen Urban,5717941398,2268.45,3657.575,2802.225,4336.3,4303.919177113459,5162.941278053141,5717941664,>132kV*,≤300km,80000,80000
2025-05-29 10:00:00,Megaflex Gen Urban,5717941398,237.16,743.075,4279.675,5501.7751,780.0034110342083,6970.304681762843,5717941664,>132kV*,≤300km,80000,80000
2025-05-29 11:00:00,Megaflex Gen Urban,5717941398,557.76,1259.5,4535.0501,5088.0,1377.4746704023273,6815.748191468785,5717941664,>132kV*,≤300km,80000,80000
2025-05-29 12:00:00,Megaflex Gen Urban,5717941398,6455.0251,6375.3748,271.69,741.125,9072.637592349043,789.3552569819244,5717941664,>132kV*,≤300km,80000,80000
2025-05-29 13:00:00,Megaflex Gen Urban,5717941398,5113.9001,5929.9002,239.04,829.42,7830.433616010038,863.1788099808753,5717941664,>132kV*,≤300km,80000,80000
2025-05-29 14:00:00,Megaflex Gen Urban,5717941398,4951.7002,6894.7249,16.32,194.9,8488.613922034625,195.5820860917482,5717941664,>132kV*,≤300km,80000,80000
2025-05-29 15:00:00,Megaflex Gen Urban,5717941398,2414.4,4086.7251,1328.625,3374.375,4746.646121523071,3626.5205130055447,5717941664,>132kV*,≤300km,80000,80000
2025-05-29 16:00:00,Megaflex Gen Urban,5717941398,1352.615,2214.725,3924.4748,5770.5498,2595.10580975998,6978.592082226549,5717941664,>132kV*,≤300km,80000,80000
2025-05-29 17:00:00,Megaflex Gen Urban,5717941398,5100.5001,6080.625,353.3,1251.875,7936.567372657087,1300.7735796921,5717941664,>132kV*,≤300km,80000,80000
2025-05-29 18:00:00,Megaflex Gen Urban,5717941398,3539.5249,5126.3999,2184.93,3249.5751,6229.623780971048,3915.8214253768024,5717941664,>132kV*,≤300km,80000,80000
2025-05-29 19:00:00,Megaflex Gen Urban,5717941398,1056.945,1538.88,3757.45,5211.8501,1866.8916378368083,6425.0923703375665,5717941664,>132kV*,≤300km,80000,80000
2025-05-29 20:00:00,Megaflex Gen Urban,5717941398,459.87,1147.195,4147.1998,6375.3498,1235.9355909289932,7605.547399989042,5717941664,>132kV*,≤300km,80000,80000
2025-05-29 21:00:00,Megaflex Gen Urban,5717941398,0.0,0.03,10534.0752,8581.4502,0.03,13587.053685561674,5717941664,>132kV*,≤300km,80000,80000
2025-05-29 22:00:00,Megaflex Gen Urban,5717941398,0.0,0.0,11177.0,7768.325,0.0,13611.473186456527,5717941664,>132kV*,≤300km,80000,80000
2025-05-29 23:00:00,Megaflex Gen Urban,5717941398,0.0,0.0,16662.75,8458.5503,0.0,18686.741576319026,5717941664,>132kV*,≤300km,80000,80000
2025-05-30 00:00:00,Megaflex Gen Urban,5717941398,0.0,0.0,17671.7246,8711.9995,0.0,19702.507089866645,5717941664,>132kV*,≤300km,80000,80000
2025-05-30 01:00:00,Megaflex Gen Urban,5717941398,0.0,0.0,11619.5,7724.1499,0.0,13952.60806901957,5717941664,>132kV*,≤300km,80000,80000
2025-05-30 02:00:00,Megaflex Gen Urban,5717941398,0.0,0.0,9986.2754,7422.7251,0.0,12442.770763572524,5717941664,>132kV*,≤300km,80000,80000
2025-05-30 03:00:00,Megaflex Gen Urban,5717941398,0.0,0.0,10458.0,7553.2749,0.0,12900.454477070567,5717941664,>132kV*,≤300km,80000,80000
2025-05-30 04:00:00,Megaflex Gen Urban,5717941398,0.0,0.0,8277.8999,6616.3249,0.0,10597.140271638384,5717941664,>132kV*,≤300km,80000,80000
2025-05-30 05:00:00,Megaflex Gen Urban,5717941398,0.0,0.0,8949.5,7579.2,0.0,11727.652062113712,5717941664,>132kV*,≤300km,80000,80000
2025-05-30 06:00:00,Megaflex Gen Urban,5717941398,0.0,0.0,14063.75,7268.1499,0.0,15830.826479731562,5717941664,>132kV*,≤300km,80000,80000
2025-05-30 07:00:00,Megaflex Gen Urban,5717941398,0.0,0.0,18280.5,7546.5747,0.0,19776.942886924666,5717941664,>132kV*,≤300km,80000,80000
2025-05-30 08:00:00,Megaflex Gen Urban,5717941398,0.0,0.0,24656.5,8037.1001,0.0,25933.337044572956,5717941664,>132kV*,≤300km,80000,80000
2025-05-30 09:00:00,Megaflex Gen Urban,5717941398,0.0,0.0,27548.25,8422.0752,0.0,28806.898978143327,5717941664,>132kV*,≤300km,80000,80000
2025-05-30 10:00:00,Megaflex Gen Urban,5717941398,0.0,0.0,33202.5,9872.5,0.0,34639.17237030931,5717941664,>132kV*,≤300km,80000,80000
2025-05-30 11:00:00,Megaflex Gen Urban,5717941398,0.0,0.0,30977.25,10483.0,0.0,32702.95562426277,5717941664,>132kV*,≤300km,80000,80000
2025-05-30 12:00:00,Megaflex Gen Urban,5717941398,0.0,0.0,27821.75,10666.75,0.0,29796.46503572194,5717941664,>132kV*,≤300km,80000,80000
2025-05-30 13:00:00,Megaflex Gen Urban,5717941398,0.0,0.0,22398.75,10003.375,0.0,24531.03163246758,5717941664,>132kV*,≤300km,80000,80000
2025-05-30 14:00:00,Megaflex Gen Urban,5717941398,0.0,0.0,15534.75,8840.6255,0.0,17874.14660322977,5717941664,>132kV*,≤300km,80000,80000
2025-05-30 15:00:00,Megaflex Gen Urban,5717941398,0.0,0.0,12978.25,8202.2251,0.0,15352.897760799751,5717941664,>132kV*,≤300km,80000,80000
2025-05-30 16:00:00,Megaflex Gen Urban,5717941398,0.0,0.0,17867.5,8435.5498,0.0,19758.695723105815,5717941664,>132kV*,≤300km,80000,80000
2025-05-30 17:00:00,Megaflex Gen Urban,5717941398,0.0,0.0,14950.0,7594.5501,0.0,16768.41349744841,5717941664,>132kV*,≤300km,80000,80000
2025-05-30 18:00:00,Megaflex Gen Urban,5717941398,0.0,0.0,14389.5,8443.2002,0.0,16683.684840804206,5717941664,>132kV*,≤300km,80000,80000
2025-05-30 19:00:00,Megaflex Gen Urban,5717941398,0.0,0.0,13372.75,7743.3498,0.0,15452.82850120521,5717941664,>132kV*,≤300km,80000,80000
2025-05-30 20:00:00,Megaflex Gen Urban,5717941398,3.84,74.88,7280.8999,6955.2249,74.97839688870388,10069.094138173505,5717941664,>132kV*,≤300km,80000,80000
2025-05-30 21:00:00,Megaflex Gen Urban,5717941398,0.0,0.0,9600.0,7104.9497,0.0,11943.211889585233,5717941664,>132kV*,≤300km,80000,80000
2025-05-30 22:00:00,Megaflex Gen Urban,5717941398,0.0,0.0,14918.25,7678.0752,0.0,16778.170992076433,5717941664,>132kV*,≤300km,80000,80000
2025-05-30 23:00:00,Megaflex Gen Urban,5717941398,0.0,0.0,14840.5,7229.75,0.0,16507.868587812904,5717941664,>132kV*,≤300km,80000,80000
2025-05-31 00:00:00,Megaflex Gen Urban,5717941398,0.0,0.0,11487.6499,7374.7,0.0,13651.091542985492,5717941664,>132kV*,≤300km,80000,80000
2025-05-31 01:00:00,Megaflex Gen Urban,5717941398,0.0,0.0,9997.2002,7224.0,0.0,12334.106689942326,5717941664,>132kV*,≤300km,80000,80000
2025-05-31 02:00:00,Megaflex Gen Urban,5717941398,0.0,0.0,11356.75,7187.5249,0.0,13440.099878744206,5717941664,>132kV*,≤300km,80000,80000
2025-05-31 03:00:00,Megaflex Gen Urban,5717941398,0.0,0.0,10729.25,7432.3001,0.0,13052.045446555878,5717941664,>132kV*,≤300km,80000,80000
2025-05-31 04:00:00,Megaflex Gen Urban,5717941398,0.0,0.0,10209.5,7057.9497,0.0,12411.629394150073,5717941664,>132kV*,≤300km,80000,80000
2025-05-31 05:00:00,Megaflex Gen Urban,5717941398,0.0,0.0,13788.5498,8577.5998,0.0,16238.821506379092,5717941664,>132kV*,≤300km,80000,80000
2025-05-31 06:00:00,Megaflex Gen Urban,5717941398,7.68,158.4,10060.8252,7524.4751,158.58607252845377,12563.356607032812,5717941664,>132kV*,≤300km,80000,80000
2025-05-31 07:00:00,Megaflex Gen Urban,5717941398,0.0,0.0,7432.3,7618.5498,0.0,10643.372789913921,5717941664,>132kV*,≤300km,80000,80000
2025-05-31 08:00:00,Megaflex Gen Urban,5717941398,66.24,626.88,8473.9253,6498.2251,630.3699485222943,10678.68622257673,5717941664,>132kV*,≤300km,80000,80000
2025-05-31 09:00:00,Megaflex Gen Urban,5717941398,0.0,0.0,16185.25,5896.3501,0.0,17225.83124450806,5717941664,>132kV*,≤300km,80000,80000
2025-05-31 10:00:00,Megaflex Gen Urban,5717941398,0.0,0.0,16562.0,5879.0251,0.0,17574.4923148986,5717941664,>132kV*,≤300km,80000,80000
2025-05-31 11:00:00,Megaflex Gen Urban,5717941398,0.0,0.0,17579.75,6119.05,0.0,18614.25214627222,5717941664,>132kV*,≤300km,80000,80000
2025-05-31 12:00:00,Megaflex Gen Urban,5717941398,0.0,0.0,17017.75,5550.7251,0.0,17900.121904564505,5717941664,>132kV*,≤300km,80000,80000
2025-05-31 13:00:00,Megaflex Gen Urban,5717941398,758.39,735.335,7307.725,2732.15,1056.3488790759422,7801.761871406035,5717941664,>132kV*,≤300km,80000,80000
2025-05-31 14:00:00,Megaflex Gen Urban,5717941398,1906.5399,1162.57,2942.4,1743.35,2233.0390491865587,3420.0858150783292,5717941664,>132kV*,≤300km,80000,80000
2025-05-31 15:00:00,Megaflex Gen Urban,5717941398,1058.91,688.335,4773.125,1846.1,1262.9708865706289,5117.695523927249,5717941664,>132kV*,≤300km,80000,80000
2025-05-31 16:00:00,Megaflex Gen Urban,5717941398,108.48,83.52,11059.0,3045.1001,136.90690559646728,11470.57608052098,5717941664,>132kV*,≤300km,80000,80000
2025-05-31 17:00:00,Megaflex Gen Urban,5717941398,0.0,0.0,15051.75,4330.575,0.0,15662.345223277547,5717941664,>132kV*,≤300km,80000,80000
2025-05-31 18:00:00,Megaflex Gen Urban,5717941398,0.0,0.0,13424.75,5622.7249,0.0,14554.688174728444,5717941664,>132kV*,≤300km,80000,80000
2025-05-31 19:00:00,Megaflex Gen Urban,5717941398,0.0,0.0,14670.5,3139.2,0.0,15002.604670189772,5717941664,>132kV*,≤300km,80000,80000
2025-05-31 20:00:00,Megaflex Gen Urban,5717941398,0.0,0.0,13061.0,3085.425,0.0,13420.490618104279,5717941664,>132kV*,≤300km,80000,80000
2025-05-31 21:00:00,Megaflex Gen Urban,5717941398,0.0,0.0,15125.75,3943.675,0.0,15631.407024581153,5717941664,>132kV*,≤300km,80000,80000
2025-05-31 22:00:00,Megaflex Gen Urban,5717941398,0.0,0.0,15110.25,4535.0501,0.0,15776.131796863578,5717941664,>132kV*,≤300km,80000,80000
2025-05-31 23:00:00,Megaflex Gen Urban,5717941398,0.0,0.0,12899.5,4793.2751,0.0,13761.2712506614,5717941664,>132kV*,≤300km,80000,80000
